Date,Open,High,Low,Close,Volume,GDP,date1
2018-06-25,11.63,11.67,11.38,11.5,36101900,20659.029,2018-10-26
2018-06-26,11.56,11.63,11.49,11.52,36627700,20659.029,2018-10-26
2018-06-27,11.54,11.64,11.4,11.42,27242000,20659.029,2018-10-26
2018-06-28,11.37,11.4,11.15,11.28,43836400,20659.029,2018-10-26
2018-06-29,11.32,11.37,11.03,11.07,44718500,20659.029,2018-10-26
2018-07-02,11.02,11.11,10.91,11.1,37892800,20891.367,2019-02-28
2018-07-03,11.1,11.15,10.94,10.99,16544800,20891.367,2019-02-28
2018-07-05,11.1,11.14,11.02,11.05,32008500,20891.367,2019-02-28
2018-07-06,11.04,11.1,10.92,11.06,25646700,20891.367,2019-02-28
2018-07-09,11.1,11.26,11.03,11.2,23916800,20891.367,2019-02-28
2018-07-10,11.2,11.26,11.17,11.25,21231500,20891.367,2019-02-28
2018-07-11,11.15,11.17,11.05,11.07,30030100,20891.367,2019-02-28
2018-07-12,11.1,11.14,11.0,11.05,27025200,20891.367,2019-02-28
2018-07-13,11.02,11.05,10.91,10.98,36561500,20891.367,2019-02-28
2018-07-16,10.95,10.97,10.76,10.85,46156800,20891.367,2019-02-28
2018-07-17,10.8,10.9,10.8,10.86,37584300,20891.367,2019-02-28
2018-07-18,10.85,10.9,10.81,10.87,36420000,20891.367,2019-02-28
2018-07-19,10.89,10.9,10.77,10.82,40308800,20891.367,2019-02-28
2018-07-20,10.68,10.72,10.51,10.56,41531200,20891.367,2019-02-28
2018-07-23,10.56,10.57,10.42,10.47,34942000,20891.367,2019-02-28
2018-07-24,10.51,10.74,10.5,10.57,47303000,20891.367,2019-02-28
2018-07-25,10.32,10.57,10.12,10.52,92497700,20891.367,2019-02-28
2018-07-26,10.14,10.16,9.84,9.89,103893000,20891.367,2019-02-28
2018-07-27,9.96,10.05,9.91,9.93,46171100,20891.367,2019-02-28
2018-07-30,9.96,10.1,9.93,10.07,35877000,20891.367,2019-02-28
2018-07-31,10.11,10.11,10.0,10.04,38026900,20891.367,2019-02-28
2018-08-01,10.06,10.08,9.82,9.9,44126700,20891.367,2019-02-28
2018-08-02,9.9,9.98,9.84,9.92,40318900,20891.367,2019-02-28
2018-08-03,9.93,10.06,9.93,10.04,25925100,20891.367,2019-02-28
2018-08-06,10.0,10.05,9.97,10.03,22247900,20891.367,2019-02-28
2018-08-07,10.04,10.1,10.02,10.08,27961200,20891.367,2019-02-28
2018-08-08,10.05,10.1,10.04,10.05,22600900,20891.367,2019-02-28
2018-08-09,10.06,10.07,9.9,9.91,35682600,20891.367,2019-02-28
2018-08-10,9.91,9.91,9.72,9.74,39180500,20891.367,2019-02-28
2018-08-13,9.74,9.75,9.42,9.46,66586200,20891.367,2019-02-28
2018-08-14,9.51,9.62,9.45,9.5,37657400,20891.367,2019-02-28
2018-08-15,9.46,9.5,9.35,9.45,36298600,20891.367,2019-02-28
2018-08-16,9.5,9.6,9.49,9.51,28857700,20891.367,2019-02-28
2018-08-17,9.53,9.6,9.46,9.55,32742900,20891.367,2019-02-28
2018-08-20,9.56,9.74,9.56,9.72,25252500,20891.367,2019-02-28
2018-08-21,9.77,9.9,9.69,9.86,46413900,20891.367,2019-02-28
2018-08-22,9.79,9.82,9.68,9.69,30803700,20891.367,2019-02-28
2018-08-23,9.67,9.69,9.58,9.63,31511800,20891.367,2019-02-28
2018-08-24,9.65,9.7,9.61,9.68,18380000,20891.367,2019-02-28
2018-08-27,9.75,10.04,9.73,9.99,49769300,20891.367,2019-02-28
2018-08-28,10.08,10.09,9.95,10.01,33845500,20891.367,2019-02-28
2018-08-29,10.01,10.02,9.9,9.97,37336400,20891.367,2019-02-28
2018-08-30,9.87,9.91,9.67,9.7,48539300,20891.367,2019-02-28
2018-08-31,9.64,9.68,9.4,9.48,76424900,20891.367,2019-02-28
2018-09-04,9.53,9.58,9.36,9.47,54111100,20891.367,2019-02-28
2018-09-05,9.47,9.55,9.32,9.49,44561900,20891.367,2019-02-28
2018-09-06,9.48,9.55,9.4,9.43,29519100,20891.367,2019-02-28
2018-09-07,9.41,9.49,9.25,9.27,51229900,20891.367,2019-02-28
2018-09-10,9.31,9.49,9.3,9.38,30421700,20891.367,2019-02-28
2018-09-11,9.35,9.36,9.22,9.31,27158400,20891.367,2019-02-28
2018-09-12,9.31,9.42,9.28,9.34,25450000,20891.367,2019-02-28
2018-09-13,9.38,9.41,9.31,9.37,29315700,20891.367,2019-02-28
2018-09-14,9.38,9.48,9.36,9.45,30013300,20891.367,2019-02-28
2018-09-17,9.44,9.6,9.43,9.55,29544400,20891.367,2019-02-28
2018-09-18,9.54,9.61,9.48,9.58,57055400,20891.367,2019-02-28
2018-09-19,9.61,9.83,9.61,9.78,40111500,20891.367,2019-02-28
2018-09-20,9.83,9.93,9.71,9.81,46314400,20891.367,2019-02-28
2018-09-21,9.84,9.94,9.78,9.85,74488600,20891.367,2019-02-28
2018-09-24,9.78,9.85,9.52,9.59,43170800,20891.367,2019-02-28
2018-09-25,9.53,9.56,9.37,9.39,44406100,20891.367,2019-02-28
2018-09-26,9.38,9.41,9.27,9.27,58597500,20891.367,2019-02-28
2018-09-27,9.3,9.33,9.2,9.23,57272200,20891.367,2019-02-28
2018-09-28,9.22,9.28,9.09,9.25,30987200,20891.367,2019-02-28
2018-10-01,9.43,9.44,9.3,9.32,44864700,20891.367,2019-02-28
2018-10-02,9.27,9.34,9.18,9.2,41806400,21062.691,2019-04-26
2018-10-03,9.27,9.31,9.13,9.13,47023100,21062.691,2019-04-26
2018-10-04,9.13,9.22,9.09,9.15,38889600,21062.691,2019-04-26
2018-10-05,9.15,9.22,9.1,9.12,36952200,21062.691,2019-04-26
2018-10-08,9.1,9.28,9.09,9.26,43657700,21062.691,2019-04-26
2018-10-09,9.23,9.31,8.95,8.95,58356900,21062.691,2019-04-26
2018-10-10,8.95,8.98,8.81,8.82,54104100,21062.691,2019-04-26
2018-10-11,8.82,8.99,8.76,8.81,66170800,21062.691,2019-04-26
2018-10-12,8.95,8.95,8.55,8.64,59308500,21062.691,2019-04-26
2018-10-15,8.67,8.85,8.66,8.81,40183200,21062.691,2019-04-26
2018-10-16,8.87,8.89,8.73,8.8,36772000,21062.691,2019-04-26
2018-10-17,8.8,8.86,8.64,8.76,48795100,21062.691,2019-04-26
2018-10-18,8.74,8.76,8.5,8.51,59669200,21062.691,2019-04-26
2018-10-19,8.32,8.53,8.19,8.5,59831100,21062.691,2019-04-26
2018-10-22,8.38,8.45,8.27,8.41,39803500,21062.691,2019-04-26
2018-10-23,8.3,8.64,8.23,8.59,55443300,21062.691,2019-04-26
2018-10-24,8.5,8.6,8.17,8.18,58895100,21062.691,2019-04-26
2018-10-25,8.52,9.0,8.46,8.99,90399200,21062.691,2019-04-26
2018-10-26,8.96,9.06,8.86,8.98,100639800,21062.691,2019-04-26
2018-10-29,9.36,9.59,9.17,9.28,92275100,21062.691,2019-04-26
2018-10-30,9.31,9.56,9.27,9.46,58062000,21062.691,2019-04-26
2018-10-31,9.62,9.67,9.43,9.55,68507100,21062.691,2019-04-26
2018-11-01,9.54,9.55,9.26,9.29,59794400,21062.691,2019-04-26
2018-11-02,9.36,9.45,9.26,9.38,48499200,21062.691,2019-04-26
2018-11-05,9.38,9.57,9.35,9.53,41274300,21062.691,2019-04-26
2018-11-06,9.46,9.57,9.41,9.54,40928600,21062.691,2019-04-26
2018-11-07,9.6,9.6,9.45,9.6,37347400,21062.691,2019-04-26
2018-11-08,9.58,9.65,9.44,9.46,55810100,21062.691,2019-04-26
2018-11-09,9.38,9.8,9.27,9.38,52203600,21062.691,2019-04-26
2018-11-12,9.38,9.58,9.37,9.49,36317200,21062.691,2019-04-26
2018-11-13,9.53,9.67,9.47,9.54,33098000,21062.691,2019-04-26
2018-11-14,9.63,9.67,9.43,9.54,46677600,21062.691,2019-04-26
2018-11-15,9.5,9.53,9.12,9.31,57170100,21062.691,2019-04-26
2018-11-16,9.28,9.31,8.98,9.05,54582500,21062.691,2019-04-26
2018-11-19,9.02,9.36,8.96,9.25,56292500,21062.691,2019-04-26
2018-11-20,9.1,9.22,9.01,9.06,35159900,21062.691,2019-04-26
2018-11-21,9.05,9.2,8.98,9.11,25882700,21062.691,2019-04-26
2018-11-23,9.07,9.22,9.03,9.13,13520800,21062.691,2019-04-26
2018-11-26,9.23,9.53,9.17,9.4,46304400,21062.691,2019-04-26
2018-11-27,9.37,9.43,9.25,9.28,34283200,21062.691,2019-04-26
2018-11-28,9.27,9.44,9.17,9.41,33199500,21062.691,2019-04-26
2018-11-29,9.37,9.44,9.26,9.37,29207600,21062.691,2019-04-26
2018-11-30,9.37,9.48,9.36,9.41,36269500,21062.691,2019-04-26
2018-12-03,9.71,9.85,9.6,9.6,64668600,21062.691,2019-04-26
2018-12-04,9.55,9.6,9.18,9.18,57930300,21062.691,2019-04-26
2018-12-06,9.12,9.12,8.92,9.02,53963600,21062.691,2019-04-26
2018-12-07,9.02,9.13,8.8,8.82,43534800,21062.691,2019-04-26
2018-12-10,8.83,8.85,8.38,8.52,56499700,21062.691,2019-04-26
2018-12-11,8.72,8.8,8.5,8.54,42294500,21062.691,2019-04-26
2018-12-12,8.64,8.73,8.59,8.64,40602700,21062.691,2019-04-26
2018-12-13,8.67,8.7,8.46,8.5,34200400,21062.691,2019-04-26
2018-12-14,8.52,8.68,8.46,8.52,35613300,21062.691,2019-04-26
2018-12-17,8.48,8.72,8.41,8.5,44469900,21062.691,2019-04-26
2018-12-18,8.55,8.68,8.41,8.47,38263000,21062.691,2019-04-26
2018-12-19,8.46,8.65,8.27,8.32,75272900,21062.691,2019-04-26
2018-12-20,8.33,8.42,8.18,8.26,58926200,21062.691,2019-04-26
2018-12-21,8.22,8.4,8.04,8.05,57542300,21062.691,2019-04-26
2018-12-24,8.01,8.01,7.61,7.63,38709500,21062.691,2019-04-26
2018-12-26,7.73,7.86,7.41,7.85,58810000,21062.691,2019-04-26
2018-12-27,7.82,7.85,7.53,7.85,49813000,21062.691,2019-04-26
2018-12-28,7.83,8.04,7.76,7.81,47331700,21062.691,2019-04-26
2018-12-31,7.85,7.86,7.5,7.65,57816000,21062.691,2019-04-26
2019-01-02,7.53,8.02,7.48,7.9,47494400,21337.898,2019-07-26
2019-01-03,7.97,7.99,7.78,7.78,39172400,21337.898,2019-07-26
2019-01-04,7.91,8.12,7.85,8.08,43039800,21337.898,2019-07-26
2019-01-07,8.11,8.37,8.03,8.29,40729400,21337.898,2019-07-26
2019-01-08,8.42,8.54,8.35,8.37,45644000,21337.898,2019-07-26
2019-01-09,8.45,8.77,8.36,8.72,48404900,21337.898,2019-07-26
2019-01-10,8.71,8.77,8.45,8.67,39490400,21337.898,2019-07-26
2019-01-11,8.77,8.93,8.7,8.82,41559900,21337.898,2019-07-26
2019-01-14,8.8,9.06,8.76,8.99,44833800,21337.898,2019-07-26
2019-01-15,9.02,9.03,8.75,8.84,65311700,21337.898,2019-07-26
2019-01-16,8.68,8.77,8.26,8.29,73869900,21337.898,2019-07-26
2019-01-17,8.27,8.44,8.21,8.36,56722600,21337.898,2019-07-26
2019-01-18,8.39,8.6,8.33,8.58,51127900,21337.898,2019-07-26
2019-01-22,8.54,8.61,8.46,8.5,47182600,21337.898,2019-07-26
2019-01-23,8.54,8.54,8.28,8.34,45196900,21337.898,2019-07-26
2019-01-24,8.32,8.68,8.22,8.6,79516400,21337.898,2019-07-26
2019-01-25,8.74,8.96,8.73,8.86,53098800,21337.898,2019-07-26
2019-01-28,8.8,8.8,8.58,8.66,42116300,21337.898,2019-07-26
2019-01-29,8.71,8.79,8.62,8.76,30485000,21337.898,2019-07-26
2019-01-30,8.66,8.72,8.52,8.71,29906100,21337.898,2019-07-26
2019-01-31,8.62,8.82,8.6,8.8,39389100,21337.898,2019-07-26
2019-02-01,8.77,8.81,8.62,8.72,34124000,21337.898,2019-07-26
2019-02-04,8.7,8.7,8.59,8.7,28855600,21337.898,2019-07-26
2019-02-05,8.68,8.76,8.65,8.75,26166800,21337.898,2019-07-26
2019-02-06,8.79,8.9,8.68,8.72,32644300,21337.898,2019-07-26
2019-02-07,8.62,8.62,8.29,8.31,55161800,21337.898,2019-07-26
2019-02-08,8.29,8.41,8.16,8.39,38650100,21337.898,2019-07-26
2019-02-11,8.41,8.44,8.29,8.33,27403500,21337.898,2019-07-26
2019-02-12,8.38,8.47,8.38,8.46,26235100,21337.898,2019-07-26
2019-02-13,8.45,8.66,8.39,8.41,27182900,21337.898,2019-07-26
2019-02-14,8.38,8.47,8.32,8.42,23569900,21337.898,2019-07-26
2019-02-15,8.49,8.56,8.41,8.54,58080300,21337.898,2019-07-26
2019-02-19,8.53,8.85,8.53,8.83,37929200,21337.898,2019-07-26
2019-02-20,8.83,8.98,8.82,8.94,55316900,21337.898,2019-07-26
2019-02-21,8.94,8.96,8.7,8.71,44730400,21337.898,2019-07-26
2019-02-22,8.73,8.75,8.56,8.71,40947500,21337.898,2019-07-26
2019-02-25,8.77,8.85,8.75,8.76,56615400,21337.898,2019-07-26
2019-02-26,8.75,8.94,8.72,8.88,38348800,21337.898,2019-07-26
2019-02-27,8.83,8.91,8.78,8.78,34093300,21337.898,2019-07-26
2019-02-28,8.77,8.79,8.6,8.77,43960500,21337.898,2019-07-26
2019-03-01,8.85,8.89,8.71,8.79,37699500,21337.898,2019-07-26
2019-03-04,8.83,8.97,8.76,8.81,46196900,21337.898,2019-07-26
2019-03-05,8.8,8.81,8.7,8.77,40852600,21337.898,2019-07-26
2019-03-06,8.75,8.78,8.56,8.58,50378600,21337.898,2019-07-26
2019-03-07,8.56,8.57,8.35,8.48,54286000,21337.898,2019-07-26
2019-03-08,8.4,8.47,8.34,8.42,43766800,21337.898,2019-07-26
2019-03-11,8.46,8.63,8.45,8.61,36875300,21337.898,2019-07-26
2019-03-12,8.65,8.7,8.55,8.57,37805000,21337.898,2019-07-26
2019-03-13,8.59,8.65,8.5,8.53,49018700,21337.898,2019-07-26
2019-03-14,8.52,8.55,8.4,8.41,36307900,21337.898,2019-07-26
2019-03-15,8.42,8.47,8.37,8.43,66555500,21337.898,2019-07-26
2019-03-18,8.45,8.57,8.42,8.57,37198300,21337.898,2019-07-26
2019-03-19,8.61,8.87,8.61,8.7,57293600,21337.898,2019-07-26
2019-03-20,8.67,8.67,8.48,8.51,54539700,21337.898,2019-07-26
2019-03-21,8.5,8.69,8.49,8.69,46843100,21337.898,2019-07-26
2019-03-22,8.63,8.67,8.52,8.54,41964000,21337.898,2019-07-26
2019-03-25,8.56,8.65,8.47,8.51,45849500,21337.898,2019-07-26
2019-03-26,8.54,8.76,8.54,8.76,47852100,21337.898,2019-07-26
2019-03-27,8.75,8.86,8.62,8.62,39895800,21337.898,2019-07-26
2019-03-28,8.65,8.83,8.64,8.77,38914700,21337.898,2019-07-26
2019-03-29,8.8,8.89,8.71,8.78,33962800,21337.898,2019-07-26
2019-04-01,8.86,9.0,8.86,8.98,45653100,21337.898,2019-07-26
2019-04-02,8.95,9.03,8.91,9.01,30699400,21525.819,2019-10-30
2019-04-03,9.07,9.27,9.06,9.13,56663600,21525.819,2019-10-30
2019-04-04,9.21,9.3,9.18,9.24,39483100,21525.819,2019-10-30
2019-04-05,9.17,9.27,9.08,9.25,37854700,21525.819,2019-10-30
2019-04-08,9.18,9.32,9.17,9.3,26221100,21525.819,2019-10-30
2019-04-09,9.27,9.36,9.17,9.21,29879100,21525.819,2019-10-30
2019-04-10,9.23,9.35,9.2,9.33,28469500,21525.819,2019-10-30
2019-04-11,9.35,9.41,9.33,9.39,26488100,21525.819,2019-10-30
2019-04-12,9.47,9.6,9.44,9.45,38646000,21525.819,2019-10-30
2019-04-15,9.48,9.5,9.26,9.33,41206700,21525.819,2019-10-30
2019-04-16,9.32,9.4,9.24,9.36,40950000,21525.819,2019-10-30
2019-04-17,9.4,9.58,9.39,9.5,30688300,21525.819,2019-10-30
2019-04-18,9.52,9.62,9.48,9.55,29843000,21525.819,2019-10-30
2019-04-22,9.58,9.58,9.46,9.5,38718500,21525.819,2019-10-30
2019-04-23,9.36,9.51,9.3,9.5,39493700,21525.819,2019-10-30
2019-04-24,9.45,9.61,9.4,9.57,39796300,21525.819,2019-10-30
2019-04-25,9.52,9.53,9.34,9.4,52596700,21525.819,2019-10-30
2019-04-26,10.03,10.45,9.95,10.41,156136700,21525.819,2019-10-30
2019-04-29,10.36,10.39,10.07,10.32,62500500,21525.819,2019-10-30
2019-04-30,10.29,10.5,10.27,10.45,46079300,21525.819,2019-10-30
2019-05-01,10.48,10.5,10.29,10.3,41805500,21525.819,2019-10-30
2019-05-02,10.3,10.35,10.2,10.34,34508400,21525.819,2019-10-30
2019-05-03,10.37,10.45,10.3,10.41,36291200,21525.819,2019-10-30
2019-05-06,10.12,10.42,10.12,10.37,28640600,21525.819,2019-10-30
2019-05-07,10.33,10.41,10.3,10.38,41154500,21525.819,2019-10-30
2019-05-08,10.38,10.45,10.31,10.34,33472200,21525.819,2019-10-30
2019-05-09,10.26,10.3,10.07,10.2,43621300,21525.819,2019-10-30
2019-05-10,10.32,10.41,10.2,10.38,37629500,21525.819,2019-10-30
2019-05-13,10.17,10.26,10.04,10.08,51102100,21525.819,2019-10-30
2019-05-14,10.15,10.29,10.13,10.24,31297200,21525.819,2019-10-30
2019-05-15,10.21,10.4,10.04,10.36,44050200,21525.819,2019-10-30
2019-05-16,10.3,10.44,10.3,10.4,32697000,21525.819,2019-10-30
2019-05-17,10.32,10.44,10.24,10.29,34565400,21525.819,2019-10-30
2019-05-20,10.3,10.3,10.2,10.28,29535900,21525.819,2019-10-30
2019-05-21,10.31,10.31,10.15,10.24,30099300,21525.819,2019-10-30
2019-05-22,10.17,10.21,9.93,9.97,51407200,21525.819,2019-10-30
2019-05-23,9.85,9.85,9.67,9.85,43153800,21525.819,2019-10-30
2019-05-24,9.92,9.95,9.8,9.83,22131500,21525.819,2019-10-30
2019-05-28,9.87,9.9,9.77,9.78,27656200,21525.819,2019-10-30
2019-05-29,9.69,9.75,9.55,9.71,32262600,21525.819,2019-10-30
2019-05-30,9.74,9.84,9.68,9.74,24759600,21525.819,2019-10-30
2019-05-31,9.48,9.54,9.32,9.52,48250400,21525.819,2019-10-30
2019-06-03,9.62,9.65,9.46,9.61,39446800,21525.819,2019-10-30
2019-06-04,9.73,9.95,9.72,9.92,37324100,21525.819,2019-10-30
2019-06-05,9.87,9.92,9.65,9.78,42464800,21525.819,2019-10-30
2019-06-06,9.72,9.82,9.66,9.75,28291100,21525.819,2019-10-30
2019-06-07,9.76,9.82,9.7,9.76,18848700,21525.819,2019-10-30
2019-06-10,9.89,10.03,9.76,9.82,33883400,21525.819,2019-10-30
2019-06-11,9.87,9.98,9.79,9.92,26434200,21525.819,2019-10-30
2019-06-12,9.9,9.93,9.84,9.85,21746700,21525.819,2019-10-30
2019-06-13,9.87,10.06,9.8,10.06,25555900,21525.819,2019-10-30
2019-06-14,10.01,10.04,9.94,9.98,21553200,21525.819,2019-10-30
2019-06-17,9.99,10.09,9.94,10.05,19383800,21525.819,2019-10-30
2019-06-18,10.08,10.2,10.05,10.1,32591700,21525.819,2019-10-30
2019-06-19,10.15,10.18,10.03,10.04,29051300,21525.819,2019-10-30
2019-06-20,10.13,10.15,9.95,10.04,32086500,21525.819,2019-10-30
2019-06-21,10.03,10.05,9.91,9.99,47904000,21525.819,2019-10-30
2019-06-24,9.95,10.02,9.93,9.95,28091200,21525.819,2019-10-30
2019-06-25,9.97,9.99,9.83,9.84,28682000,21525.819,2019-10-30
2019-06-26,9.87,9.96,9.82,9.91,33739100,21525.819,2019-10-30
2019-06-27,10.04,10.24,10.0,10.2,42954600,21525.819,2019-10-30
2019-06-28,10.2,10.31,10.2,10.23,37551600,21525.819,2019-10-30
2019-07-01,10.34,10.43,10.07,10.15,38452600,21525.819,2019-10-30
2019-07-02,10.15,10.21,10.04,10.12,29708000,21734.266,2020-01-30
2019-07-03,10.18,10.3,10.13,10.2,19326600,21734.266,2020-01-30
2019-07-05,10.18,10.27,10.09,10.2,21397900,21734.266,2020-01-30
2019-07-08,10.2,10.26,10.18,10.2,23244100,21734.266,2020-01-30
2019-07-09,10.17,10.19,10.1,10.14,25140600,21734.266,2020-01-30
2019-07-10,10.19,10.26,10.11,10.11,29082200,21734.266,2020-01-30
2019-07-11,10.15,10.2,10.11,10.19,27667500,21734.266,2020-01-30
2019-07-12,10.24,10.5,10.24,10.49,40761600,21734.266,2020-01-30
2019-07-15,10.49,10.56,10.34,10.42,33753500,21734.266,2020-01-30
2019-07-16,10.37,10.51,10.29,10.51,29530500,21734.266,2020-01-30
2019-07-17,10.48,10.5,10.31,10.33,25204400,21734.266,2020-01-30
2019-07-18,10.3,10.31,10.18,10.26,25810600,21734.266,2020-01-30
2019-07-19,10.3,10.32,10.2,10.2,38505600,21734.266,2020-01-30
2019-07-22,10.13,10.17,10.0,10.02,36238600,21734.266,2020-01-30
2019-07-23,10.13,10.22,10.06,10.17,74624800,21734.266,2020-01-30
2019-07-24,10.18,10.35,10.14,10.33,61107500,21734.266,2020-01-30
2019-07-25,9.75,9.78,9.4,9.56,133898600,21734.266,2020-01-30
2019-07-26,9.58,9.65,9.51,9.57,47710200,21734.266,2020-01-30
2019-07-29,9.6,9.68,9.52,9.6,36487800,21734.266,2020-01-30
2019-07-30,9.56,9.58,9.48,9.55,36944700,21734.266,2020-01-30
2019-07-31,9.57,9.58,9.4,9.53,56715500,21734.266,2020-01-30
2019-08-01,9.53,9.59,9.28,9.31,58060800,21734.266,2020-01-30
2019-08-02,9.26,9.34,9.21,9.28,41495200,21734.266,2020-01-30
2019-08-05,9.18,9.27,9.06,9.23,47963400,21734.266,2020-01-30
2019-08-06,9.42,9.51,9.36,9.48,51856100,21734.266,2020-01-30
2019-08-07,9.43,9.56,9.32,9.53,43042400,21734.266,2020-01-30
2019-08-08,9.56,9.62,9.51,9.56,25469000,21734.266,2020-01-30
2019-08-09,9.54,9.58,9.39,9.45,38739700,21734.266,2020-01-30
2019-08-12,9.39,9.43,9.28,9.29,23050400,21734.266,2020-01-30
2019-08-13,9.29,9.42,9.18,9.26,28231500,21734.266,2020-01-30
2019-08-14,9.13,9.15,8.96,9.0,45967400,21734.266,2020-01-30
2019-08-15,9.06,9.06,8.78,8.86,40682800,21734.266,2020-01-30
2019-08-16,8.92,9.0,8.81,8.96,27369900,21734.266,2020-01-30
2019-08-19,9.05,9.1,9.02,9.03,21844000,21734.266,2020-01-30
2019-08-20,9.0,9.07,8.93,8.96,25108600,21734.266,2020-01-30
2019-08-21,9.02,9.05,8.97,9.04,20434800,21734.266,2020-01-30
2019-08-22,9.05,9.14,9.02,9.04,20974700,21734.266,2020-01-30
2019-08-23,8.9,8.99,8.73,8.77,44982300,21734.266,2020-01-30
2019-08-26,8.88,8.91,8.79,8.82,31888200,21734.266,2020-01-30
2019-08-27,8.89,8.91,8.75,8.76,23024400,21734.266,2020-01-30
2019-08-28,8.72,9.04,8.7,9.0,35147300,21734.266,2020-01-30
2019-08-29,9.1,9.14,9.03,9.12,22011000,21734.266,2020-01-30
2019-08-30,9.16,9.23,9.1,9.17,32057900,21734.266,2020-01-30
2019-09-03,9.18,9.2,9.04,9.1,26331000,21734.266,2020-01-30
2019-09-04,9.17,9.23,9.07,9.2,27406400,21734.266,2020-01-30
2019-09-05,9.25,9.4,9.25,9.34,36626800,21734.266,2020-01-30
2019-09-06,9.37,9.41,9.2,9.34,29210100,21734.266,2020-01-30
2019-09-09,9.39,9.65,9.39,9.54,48059400,21734.266,2020-01-30
2019-09-10,9.08,9.42,9.04,9.42,70567300,21734.266,2020-01-30
2019-09-11,9.29,9.43,9.29,9.42,34190300,21734.266,2020-01-30
2019-09-12,9.36,9.48,9.32,9.41,35687700,21734.266,2020-01-30
2019-09-13,9.47,9.59,9.44,9.45,27161300,21734.266,2020-01-30
2019-09-16,9.36,9.45,9.24,9.3,50052600,21734.266,2020-01-30
2019-09-17,9.27,9.31,9.18,9.28,27391200,21734.266,2020-01-30
2019-09-18,9.26,9.36,9.22,9.25,24309400,21734.266,2020-01-30
2019-09-19,9.31,9.33,9.1,9.1,28780700,21734.266,2020-01-30
2019-09-20,9.13,9.3,9.11,9.17,37491300,21734.266,2020-01-30
2019-09-23,9.13,9.23,9.08,9.16,22051100,21734.266,2020-01-30
2019-09-24,9.19,9.23,9.05,9.11,33092500,21734.266,2020-01-30
2019-09-25,9.1,9.23,9.09,9.2,20510300,21734.266,2020-01-30
2019-09-26,9.23,9.23,9.07,9.14,26556300,21734.266,2020-01-30
2019-09-27,9.14,9.6,9.06,9.08,32459500,21734.266,2020-01-30
2019-09-30,9.11,9.21,9.1,9.16,21510000,21734.266,2020-01-30
2019-10-01,9.19,9.24,8.87,8.9,39559500,21734.266,2020-01-30
2019-10-02,8.85,8.86,8.44,8.61,68137000,21537.94,2020-04-29
2019-10-03,8.55,8.71,8.45,8.71,40827900,21537.94,2020-04-29
2019-10-04,8.72,8.76,8.66,8.74,27827400,21537.94,2020-04-29
2019-10-07,8.7,8.79,8.61,8.68,29340400,21537.94,2020-04-29
2019-10-08,8.65,8.66,8.5,8.54,31091200,21537.94,2020-04-29
2019-10-09,8.61,8.64,8.56,8.56,16898500,21537.94,2020-04-29
2019-10-10,8.58,8.65,8.52,8.62,28069600,21537.94,2020-04-29
2019-10-11,8.73,8.87,8.73,8.78,34175700,21537.94,2020-04-29
2019-10-14,8.82,8.84,8.76,8.82,24794500,21537.94,2020-04-29
2019-10-15,8.84,9.1,8.78,9.07,29771700,21537.94,2020-04-29
2019-10-16,9.11,9.19,9.06,9.07,27190300,21537.94,2020-04-29
2019-10-17,9.12,9.14,9.03,9.11,28361200,21537.94,2020-04-29
2019-10-18,9.09,9.32,9.09,9.29,42422900,21537.94,2020-04-29
2019-10-21,9.19,9.24,9.01,9.03,33610200,21537.94,2020-04-29
2019-10-22,9.01,9.14,8.96,9.07,35878500,21537.94,2020-04-29
2019-10-23,9.01,9.21,8.97,9.21,44770400,21537.94,2020-04-29
2019-10-24,8.87,8.89,8.55,8.6,120395200,21537.94,2020-04-29
2019-10-25,8.67,8.75,8.62,8.72,51373600,21537.94,2020-04-29
2019-10-28,8.76,8.76,8.58,8.61,39635300,21537.94,2020-04-29
2019-10-29,8.59,8.71,8.59,8.64,36771800,21537.94,2020-04-29
2019-10-30,8.64,8.64,8.52,8.54,28685300,21537.94,2020-04-29
2019-10-31,8.58,8.6,8.5,8.59,29124100,21537.94,2020-04-29
2019-11-01,8.64,8.93,8.64,8.89,55354900,21537.94,2020-04-29
2019-11-04,8.93,9.05,8.93,9.0,46716500,21537.94,2020-04-29
2019-11-05,9.02,9.15,9.0,9.02,37569700,21537.94,2020-04-29
2019-11-06,9.05,9.05,8.89,8.92,39497700,21537.94,2020-04-29
2019-11-07,8.96,9.01,8.88,8.89,32640400,21537.94,2020-04-29
2019-11-08,8.9,9.04,8.82,9.04,29476800,21537.94,2020-04-29
2019-11-11,8.95,9.1,8.94,9.08,24846600,21537.94,2020-04-29
2019-11-12,9.06,9.13,9.04,9.04,28703900,21537.94,2020-04-29
2019-11-13,9.0,9.0,8.8,8.81,34491200,21537.94,2020-04-29
2019-11-14,8.85,8.91,8.78,8.79,26527800,21537.94,2020-04-29
2019-11-15,8.85,8.96,8.85,8.95,26416300,21537.94,2020-04-29
2019-11-18,9.05,9.05,8.89,8.95,38291400,21537.94,2020-04-29
2019-11-19,8.99,9.0,8.87,8.9,31168900,21537.94,2020-04-29
2019-11-20,8.88,8.89,8.68,8.73,38271500,21537.94,2020-04-29
2019-11-21,8.77,8.79,8.67,8.71,33161400,21537.94,2020-04-29
2019-11-22,8.8,8.9,8.77,8.89,34966700,21537.94,2020-04-29
2019-11-25,8.9,9.01,8.87,9.0,30580900,21537.94,2020-04-29
2019-11-26,8.98,9.02,8.91,9.01,30093800,21537.94,2020-04-29
2019-11-27,9.03,9.15,9.02,9.1,37396100,21537.94,2020-04-29
2019-11-29,9.04,9.1,9.03,9.06,13096200,21537.94,2020-04-29
2019-12-02,9.08,9.14,9.0,9.01,37232700,21537.94,2020-04-29
2019-12-03,8.95,8.95,8.8,8.89,40653100,21537.94,2020-04-29
2019-12-04,8.95,9.03,8.94,8.95,29982900,21537.94,2020-04-29
2019-12-05,8.97,9.0,8.88,8.93,25768600,21537.94,2020-04-29
2019-12-06,8.96,9.07,8.95,9.02,31086900,21537.94,2020-04-29
2019-12-09,8.97,9.07,8.96,9.01,21772900,21537.94,2020-04-29
2019-12-10,9.02,9.1,8.96,9.07,34217700,21537.94,2020-04-29
2019-12-11,9.06,9.14,9.06,9.11,33204200,21537.94,2020-04-29
2019-12-12,9.11,9.36,9.11,9.32,48390900,21537.94,2020-04-29
2019-12-13,9.32,9.39,9.19,9.23,35334500,21537.94,2020-04-29
2019-12-16,9.24,9.39,9.22,9.39,42337600,21537.94,2020-04-29
2019-12-17,9.38,9.41,9.31,9.39,35503900,21537.94,2020-04-29
2019-12-18,9.39,9.57,9.36,9.54,45905300,21537.94,2020-04-29
2019-12-19,9.55,9.57,9.38,9.41,42236000,21537.94,2020-04-29
2019-12-20,9.5,9.54,9.44,9.48,50191200,21537.94,2020-04-29
2019-12-23,9.5,9.57,9.4,9.44,54784400,21537.94,2020-04-29
2019-12-24,9.44,9.49,9.43,9.47,11881600,21537.94,2020-04-29
2019-12-26,9.47,9.49,9.43,9.45,28961300,21537.94,2020-04-29
2019-12-27,9.45,9.46,9.35,9.36,28272800,21537.94,2020-04-29
2019-12-30,9.34,9.35,9.23,9.25,36074900,21537.94,2020-04-29
2019-12-31,9.25,9.33,9.25,9.3,32342100,21537.94,2020-04-29
2020-01-02,9.29,9.42,9.19,9.42,43425700,19408.759,2020-07-30
2020-01-03,9.31,9.37,9.15,9.21,45040800,19408.759,2020-07-30
2020-01-06,9.1,9.17,9.06,9.16,43372300,19408.759,2020-07-30
2020-01-07,9.2,9.25,9.12,9.25,44984100,19408.759,2020-07-30
2020-01-08,9.23,9.3,9.17,9.25,45994900,19408.759,2020-07-30
2020-01-09,9.3,9.31,9.18,9.26,51817400,19408.759,2020-07-30
2020-01-10,9.27,9.36,9.25,9.25,39796300,19408.759,2020-07-30
2020-01-13,9.25,9.26,9.11,9.24,48553700,19408.759,2020-07-30
2020-01-14,9.22,9.33,9.21,9.29,42935600,19408.759,2020-07-30
2020-01-15,9.27,9.3,9.18,9.19,55923900,19408.759,2020-07-30
2020-01-16,9.23,9.28,9.15,9.17,44310400,19408.759,2020-07-30
2020-01-17,9.19,9.23,9.13,9.16,41644900,19408.759,2020-07-30
2020-01-21,9.15,9.22,9.1,9.21,49556400,19408.759,2020-07-30
2020-01-22,9.22,9.25,9.15,9.16,39914800,19408.759,2020-07-30
2020-01-23,9.14,9.16,8.93,9.14,75848700,19408.759,2020-07-30
2020-01-24,9.11,9.12,8.96,9.0,68100900,19408.759,2020-07-30
2020-01-27,8.88,8.96,8.78,8.89,60769300,19408.759,2020-07-30
2020-01-28,8.94,9.0,8.86,8.97,85163400,19408.759,2020-07-30
2020-01-29,8.85,8.96,8.84,8.86,59057400,19408.759,2020-07-30
2020-01-30,8.81,8.84,8.73,8.84,42827800,19408.759,2020-07-30
2020-01-31,8.78,8.84,8.74,8.82,59813700,19408.759,2020-07-30
2020-02-03,8.85,9.14,8.85,8.98,71405400,19408.759,2020-07-30
2020-02-04,9.08,9.24,9.07,9.18,86196400,19408.759,2020-07-30
2020-02-05,8.41,8.48,8.26,8.31,145792500,19408.759,2020-07-30
2020-02-06,8.37,8.38,8.25,8.25,68823400,19408.759,2020-07-30
2020-02-07,8.21,8.21,8.02,8.11,98256500,19408.759,2020-07-30
2020-02-10,8.15,8.15,8.05,8.06,71834900,19408.759,2020-07-30
2020-02-11,8.1,8.15,8.08,8.1,80164500,19408.759,2020-07-30
2020-02-12,8.14,8.33,8.13,8.24,111536800,19408.759,2020-07-30
2020-02-13,8.21,8.36,8.21,8.25,67648800,19408.759,2020-07-30
2020-02-14,8.27,8.27,8.08,8.1,46359700,19408.759,2020-07-30
2020-02-18,8.12,8.15,8.02,8.06,65094800,19408.759,2020-07-30
2020-02-19,8.06,8.1,8.0,8.0,69668200,19408.759,2020-07-30
2020-02-20,8.0,8.07,7.99,8.03,52318200,19408.759,2020-07-30
2020-02-21,8.02,8.03,7.89,7.89,58326300,19408.759,2020-07-30
2020-02-24,7.7,7.72,7.55,7.57,110048200,19408.759,2020-07-30
2020-02-25,7.68,7.68,7.22,7.23,108888300,19408.759,2020-07-30
2020-02-26,7.3,7.46,7.21,7.21,92469500,19408.759,2020-07-30
2020-02-27,7.13,7.28,6.92,6.97,118642400,19408.759,2020-07-30
2020-02-28,6.84,6.96,6.67,6.96,116490700,19408.759,2020-07-30
2020-03-02,7.11,7.23,6.88,7.2,96766000,19408.759,2020-07-30
2020-03-03,7.29,7.34,6.89,6.97,97457800,19408.759,2020-07-30
2020-03-04,7.09,7.09,6.92,7.08,70588100,19408.759,2020-07-30
2020-03-05,6.96,6.97,6.71,6.74,78070900,19408.759,2020-07-30
2020-03-06,6.6,6.68,6.4,6.49,109932200,19408.759,2020-07-30
2020-03-09,5.97,6.14,5.87,5.9,103901700,19408.759,2020-07-30
2020-03-10,6.26,6.29,5.8,6.26,101873600,19408.759,2020-07-30
2020-03-11,6.06,6.11,5.88,5.9,98587100,19408.759,2020-07-30
2020-03-12,5.38,5.69,5.2,5.35,89453100,19408.759,2020-07-30
2020-03-13,5.87,5.9,5.12,5.63,125375300,19408.759,2020-07-30
2020-03-16,5.04,5.22,5.0,5.01,110310900,19408.759,2020-07-30
2020-03-17,5.08,5.14,4.7,5.01,104233500,19408.759,2020-07-30
2020-03-18,4.75,4.84,4.1,4.5,125954700,19408.759,2020-07-30
2020-03-19,4.33,4.58,4.1,4.47,126603800,19408.759,2020-07-30
2020-03-20,4.54,4.75,4.25,4.33,129378600,19408.759,2020-07-30
2020-03-23,4.27,4.52,3.96,4.01,134925000,19408.759,2020-07-30
2020-03-24,4.47,4.99,4.26,4.95,146192100,19408.759,2020-07-30
2020-03-25,5.77,5.87,5.12,5.39,198999400,19408.759,2020-07-30
2020-03-26,5.36,5.65,5.16,5.25,138227600,19408.759,2020-07-30
2020-03-27,5.07,5.3,4.91,5.19,106324000,19408.759,2020-07-30
2020-03-30,5.11,5.12,4.93,5.03,97879700,19408.759,2020-07-30
2020-03-31,5.03,5.19,4.75,4.83,231800800,19408.759,2020-07-30
2020-04-01,4.63,4.77,4.36,4.4,119174500,19408.759,2020-07-30
2020-04-02,4.39,4.57,4.25,4.36,90891700,21157.635,2020-10-29
2020-04-03,4.4,4.42,4.17,4.24,85659900,21157.635,2020-10-29
2020-04-06,4.54,4.67,4.41,4.53,102205300,21157.635,2020-10-29
2020-04-07,4.85,5.03,4.63,4.71,115150400,21157.635,2020-10-29
2020-04-08,4.86,5.09,4.8,5.03,117022200,21157.635,2020-10-29
2020-04-09,5.51,5.75,5.24,5.37,175681700,21157.635,2020-10-29
2020-04-13,5.43,5.43,5.02,5.16,99320000,21157.635,2020-10-29
2020-04-14,5.27,5.44,5.16,5.29,74877000,21157.635,2020-10-29
2020-04-15,5.06,5.14,4.95,5.03,74727700,21157.635,2020-10-29
2020-04-16,5.06,5.07,4.89,4.94,58951200,21157.635,2020-10-29
2020-04-17,5.17,5.28,5.03,5.12,91989300,21157.635,2020-10-29
2020-04-20,5.01,5.09,4.91,4.98,71079400,21157.635,2020-10-29
2020-04-21,4.89,4.92,4.72,4.77,82400200,21157.635,2020-10-29
2020-04-22,4.87,4.89,4.75,4.77,62237200,21157.635,2020-10-29
2020-04-23,4.8,4.98,4.77,4.89,61959800,21157.635,2020-10-29
2020-04-24,4.93,4.96,4.8,4.87,54320400,21157.635,2020-10-29
2020-04-27,4.91,5.19,4.88,5.17,91082800,21157.635,2020-10-29
2020-04-28,5.49,5.54,5.22,5.38,106222800,21157.635,2020-10-29
2020-04-29,5.33,5.5,5.21,5.26,126393000,21157.635,2020-10-29
2020-04-30,5.16,5.24,5.06,5.09,93437900,21157.635,2020-10-29
2020-05-01,5.02,5.05,4.9,4.92,82660100,21157.635,2020-10-29
2020-05-04,4.88,4.97,4.77,4.86,84214700,21157.635,2020-10-29
2020-05-05,4.99,5.09,4.94,4.97,96301300,21157.635,2020-10-29
2020-05-06,5.05,5.09,4.82,4.87,89390400,21157.635,2020-10-29
2020-05-07,4.9,4.98,4.85,4.87,67222900,21157.635,2020-10-29
2020-05-08,4.96,5.25,4.95,5.24,101207100,21157.635,2020-10-29
2020-05-11,5.18,5.19,5.05,5.12,75734000,21157.635,2020-10-29
2020-05-12,5.15,5.22,4.97,4.98,70965200,21157.635,2020-10-29
2020-05-13,5.0,5.01,4.66,4.72,100192300,21157.635,2020-10-29
2020-05-14,4.64,4.92,4.52,4.89,108061100,21157.635,2020-10-29
2020-05-15,4.8,4.94,4.75,4.9,80544700,21157.635,2020-10-29
2020-05-18,5.12,5.33,5.12,5.31,136157700,21157.635,2020-10-29
2020-05-19,5.27,5.45,5.15,5.3,94836300,21157.635,2020-10-29
2020-05-20,5.38,5.54,5.37,5.49,87685400,21157.635,2020-10-29
2020-05-21,5.45,5.69,5.44,5.63,87098200,21157.635,2020-10-29
2020-05-22,5.68,5.73,5.5,5.65,76656500,21157.635,2020-10-29
2020-05-26,5.92,5.99,5.82,5.84,86046300,21157.635,2020-10-29
2020-05-27,6.01,6.09,5.84,6.03,110413900,21157.635,2020-10-29
2020-05-28,6.05,6.07,5.81,5.85,76930200,21157.635,2020-10-29
2020-05-29,5.75,5.8,5.57,5.71,92936300,21157.635,2020-10-29
2020-06-01,5.73,5.88,5.67,5.87,61879700,21157.635,2020-10-29
2020-06-02,5.96,6.0,5.83,5.9,80046000,21157.635,2020-10-29
2020-06-03,5.99,6.27,5.92,6.19,98876600,21157.635,2020-10-29
2020-06-04,6.2,6.58,6.12,6.57,115798600,21157.635,2020-10-29
2020-06-05,7.24,7.5,7.02,7.34,208648200,21157.635,2020-10-29
2020-06-08,7.53,7.74,7.37,7.53,113169300,21157.635,2020-10-29
2020-06-09,7.22,7.44,7.05,7.24,115749600,21157.635,2020-10-29
2020-06-10,7.33,7.34,6.77,6.81,147327100,21157.635,2020-10-29
2020-06-11,6.07,6.46,6.04,6.13,116184700,21157.635,2020-10-29
2020-06-12,6.56,6.63,6.3,6.46,88778000,21157.635,2020-10-29
2020-06-15,6.18,6.58,6.11,6.5,104742600,21157.635,2020-10-29
2020-06-16,6.87,6.87,6.44,6.55,109535200,21157.635,2020-10-29
2020-06-17,6.56,6.56,6.31,6.33,67831400,21157.635,2020-10-29
2020-06-18,6.26,6.45,6.19,6.33,61301800,21157.635,2020-10-29
2020-06-19,6.64,6.69,6.23,6.23,126127800,21157.635,2020-10-29
2020-06-22,6.27,6.28,6.13,6.28,71724300,21157.635,2020-10-29
2020-06-23,6.33,6.38,6.14,6.15,86672800,21157.635,2020-10-29
2020-06-24,6.06,6.12,5.86,5.95,75536300,21157.635,2020-10-29
2020-06-25,5.86,6.05,5.8,6.03,73612700,21157.635,2020-10-29
2020-06-26,6.04,6.07,5.81,5.91,118435400,21157.635,2020-10-29
2020-06-29,5.91,6.07,5.81,6.01,58208400,21157.635,2020-10-29
2020-06-30,5.98,6.1,5.9,6.08,61909300,21157.635,2020-10-29
2020-07-01,6.1,6.18,5.95,5.98,62454700,21157.635,2020-10-29
2020-07-02,6.1,6.17,6.0,6.05,67270500,21479.529,2021-01-28
2020-07-06,6.14,6.2,6.11,6.19,63921800,21479.529,2021-01-28
2020-07-07,6.14,6.2,6.09,6.12,56652000,21479.529,2021-01-28
2020-07-08,6.13,6.18,6.05,6.09,60928600,21479.529,2021-01-28
2020-07-09,6.09,6.1,5.82,5.84,82693000,21479.529,2021-01-28
2020-07-10,5.8,6.1,5.74,6.1,73710700,21479.529,2021-01-28
2020-07-13,6.15,6.22,6.05,6.06,80190700,21479.529,2021-01-28
2020-07-14,6.18,6.39,6.08,6.36,106131800,21479.529,2021-01-28
2020-07-15,6.54,6.78,6.52,6.74,101648700,21479.529,2021-01-28
2020-07-16,6.66,6.9,6.63,6.86,93498500,21479.529,2021-01-28
2020-07-17,6.9,6.91,6.73,6.8,80769000,21479.529,2021-01-28
2020-07-20,6.8,6.85,6.58,6.66,71361700,21479.529,2021-01-28
2020-07-21,6.71,6.81,6.64,6.68,63285100,21479.529,2021-01-28
2020-07-22,6.64,6.88,6.61,6.84,75629600,21479.529,2021-01-28
2020-07-23,6.87,7.06,6.8,6.98,88652600,21479.529,2021-01-28
2020-07-24,6.9,7.01,6.86,6.88,62292000,21479.529,2021-01-28
2020-07-27,6.92,6.94,6.77,6.93,60370200,21479.529,2021-01-28
2020-07-28,6.9,7.05,6.9,7.01,56312500,21479.529,2021-01-28
2020-07-29,7.05,7.06,6.83,6.92,59437200,21479.529,2021-01-28
2020-07-30,6.74,6.83,6.67,6.74,58991000,21479.529,2021-01-28
2020-07-31,6.89,6.9,6.52,6.61,115301700,21479.529,2021-01-28
2020-08-03,6.65,6.72,6.53,6.69,53845900,21479.529,2021-01-28
2020-08-04,6.91,6.91,6.73,6.86,69377600,21479.529,2021-01-28
2020-08-05,6.86,7.03,6.86,6.96,81728400,21479.529,2021-01-28
2020-08-06,6.93,7.0,6.89,6.93,48668500,21479.529,2021-01-28
2020-08-07,6.87,6.92,6.79,6.86,47480100,21479.529,2021-01-28
2020-08-10,6.91,7.13,6.91,7.09,57229000,21479.529,2021-01-28
2020-08-11,7.21,7.38,7.19,7.23,74016400,21479.529,2021-01-28
2020-08-12,7.33,7.37,7.06,7.11,59161400,21479.529,2021-01-28
2020-08-13,7.03,7.18,7.0,7.03,50066800,21479.529,2021-01-28
2020-08-14,6.97,7.11,6.93,7.04,43517700,21479.529,2021-01-28
2020-08-17,7.05,7.06,6.87,6.98,64555200,21479.529,2021-01-28
2020-08-18,6.98,7.01,6.89,6.89,40444200,21479.529,2021-01-28
2020-08-19,6.89,7.02,6.86,6.87,44158100,21479.529,2021-01-28
2020-08-20,6.77,6.89,6.73,6.84,41824500,21479.529,2021-01-28
2020-08-21,6.78,6.85,6.65,6.66,39158900,21479.529,2021-01-28
2020-08-24,6.73,7.0,6.69,6.98,64974700,21479.529,2021-01-28
2020-08-25,7.01,7.1,6.86,6.94,49550000,21479.529,2021-01-28
2020-08-26,6.94,6.97,6.77,6.82,48600100,21479.529,2021-01-28
2020-08-27,6.83,6.98,6.83,6.91,45740900,21479.529,2021-01-28
2020-08-28,6.93,6.95,6.86,6.94,39936900,21479.529,2021-01-28
2020-08-31,6.9,6.93,6.79,6.82,50089500,21479.529,2021-01-28
2020-09-01,6.77,6.87,6.72,6.83,48189900,21479.529,2021-01-28
2020-09-02,6.81,6.97,6.77,6.95,59008900,21479.529,2021-01-28
2020-09-03,6.92,7.09,6.76,6.82,78130900,21479.529,2021-01-28
2020-09-04,6.86,6.95,6.75,6.9,70017500,21479.529,2021-01-28
2020-09-08,6.83,7.17,6.81,7.03,84749300,21479.529,2021-01-28
2020-09-09,7.07,7.1,6.93,6.97,56501400,21479.529,2021-01-28
2020-09-10,6.99,7.04,6.87,6.91,69228600,21479.529,2021-01-28
2020-09-11,6.94,7.0,6.85,7.0,55080600,21479.529,2021-01-28
2020-09-14,7.01,7.18,6.98,7.12,58704300,21479.529,2021-01-28
2020-09-15,7.16,7.18,7.0,7.04,65198500,21479.529,2021-01-28
2020-09-16,7.05,7.12,6.99,7.02,46245800,21479.529,2021-01-28
2020-09-17,7.04,7.34,6.98,7.28,84850100,21479.529,2021-01-28
2020-09-18,7.31,7.4,7.22,7.23,71929400,21479.529,2021-01-28
2020-09-21,7.09,7.09,6.81,6.87,72850300,21479.529,2021-01-28
2020-09-22,6.89,6.99,6.77,6.78,55865500,21479.529,2021-01-28
2020-09-23,6.81,6.93,6.63,6.64,52588600,21479.529,2021-01-28
2020-09-24,6.6,6.76,6.41,6.66,59822900,21479.529,2021-01-28
2020-09-25,6.61,6.71,6.5,6.51,53761800,21479.529,2021-01-28
2020-09-28,6.59,6.77,6.58,6.69,47582600,21479.529,2021-01-28
2020-09-29,6.69,6.7,6.54,6.6,38987300,21479.529,2021-01-28
2020-09-30,6.61,6.75,6.59,6.66,55944600,21479.529,2021-01-28
2020-10-01,6.71,6.77,6.63,6.75,58340600,21479.529,2021-01-28
2020-10-02,6.62,6.93,6.6,6.89,60798400,22048.894,2021-04-29
2020-10-05,6.95,7.05,6.95,7.02,42359400,22048.894,2021-04-29
2020-10-06,7.06,7.25,6.96,6.98,78203800,22048.894,2021-04-29
2020-10-07,7.11,7.25,7.06,7.23,50664100,22048.894,2021-04-29
2020-10-08,7.29,7.35,7.2,7.35,54513300,22048.894,2021-04-29
2020-10-09,7.36,7.44,7.23,7.25,50977900,22048.894,2021-04-29
2020-10-12,7.36,7.87,7.33,7.67,97692900,22048.894,2021-04-29
2020-10-13,7.82,7.88,7.63,7.76,74562600,22048.894,2021-04-29
2020-10-14,7.73,7.75,7.55,7.57,57752100,22048.894,2021-04-29
2020-10-15,7.42,7.62,7.37,7.62,49336200,22048.894,2021-04-29
2020-10-16,7.71,7.75,7.61,7.67,47509400,22048.894,2021-04-29
2020-10-19,7.68,7.72,7.57,7.59,38960700,22048.894,2021-04-29
2020-10-20,7.62,7.85,7.58,7.74,63447000,22048.894,2021-04-29
2020-10-21,7.77,7.88,7.73,7.85,51981100,22048.894,2021-04-29
2020-10-22,7.93,8.22,7.89,8.21,74008500,22048.894,2021-04-29
2020-10-23,8.3,8.35,8.09,8.16,62249000,22048.894,2021-04-29
2020-10-26,8.04,8.07,7.94,8.03,62131000,22048.894,2021-04-29
2020-10-27,8.01,8.09,7.9,7.92,64154500,22048.894,2021-04-29
2020-10-28,7.68,7.88,7.63,7.7,82938300,22048.894,2021-04-29
2020-10-29,8.17,8.24,7.85,7.9,118999900,22048.894,2021-04-29
2020-10-30,7.85,7.91,7.61,7.73,79345600,22048.894,2021-04-29
2020-11-02,7.83,7.86,7.68,7.71,59962900,22048.894,2021-04-29
2020-11-03,7.76,7.93,7.73,7.88,65108800,22048.894,2021-04-29
2020-11-04,7.86,7.87,7.63,7.64,67326800,22048.894,2021-04-29
2020-11-05,7.76,7.99,7.71,7.99,61442600,22048.894,2021-04-29
2020-11-06,8.01,8.02,7.75,7.79,50912100,22048.894,2021-04-29
2020-11-09,8.11,8.38,8.08,8.2,110511300,22048.894,2021-04-29
2020-11-10,8.23,8.59,8.18,8.38,87468400,22048.894,2021-04-29
2020-11-11,8.6,8.6,8.29,8.33,75644400,22048.894,2021-04-29
2020-11-12,8.26,8.29,8.1,8.21,81064900,22048.894,2021-04-29
2020-11-13,8.23,8.57,8.23,8.54,79475100,22048.894,2021-04-29
2020-11-16,8.74,8.85,8.61,8.8,84853900,22048.894,2021-04-29
2020-11-17,8.66,8.85,8.63,8.75,46754500,22048.894,2021-04-29
2020-11-18,8.82,9.05,8.78,8.82,77759300,22048.894,2021-04-29
2020-11-19,8.88,8.88,8.74,8.82,56672700,22048.894,2021-04-29
2020-11-20,8.81,8.82,8.68,8.74,57024300,22048.894,2021-04-29
2020-11-23,8.82,8.98,8.78,8.86,71537100,22048.894,2021-04-29
2020-11-24,9.15,9.5,9.14,9.45,99520500,22048.894,2021-04-29
2020-11-25,9.2,9.25,9.0,9.08,95217800,22048.894,2021-04-29
2020-11-27,9.12,9.14,9.03,9.09,27853900,22048.894,2021-04-29
2020-11-30,9.23,9.23,8.98,9.08,77970100,22048.894,2021-04-29
2020-12-01,9.16,9.4,9.16,9.24,68863000,22048.894,2021-04-29
2020-12-02,9.16,9.24,9.08,9.2,48345000,22048.894,2021-04-29
2020-12-03,9.26,9.32,9.15,9.21,50302100,22048.894,2021-04-29
2020-12-04,9.26,9.44,9.24,9.34,48775500,22048.894,2021-04-29
2020-12-07,9.31,9.33,9.15,9.22,58305200,22048.894,2021-04-29
2020-12-08,9.19,9.33,9.17,9.25,56296700,22048.894,2021-04-29
2020-12-09,9.31,9.49,9.29,9.45,60780300,22048.894,2021-04-29
2020-12-10,9.31,9.32,9.1,9.12,83372800,22048.894,2021-04-29
2020-12-11,9.19,9.19,9.01,9.02,73438200,22048.894,2021-04-29
2020-12-14,9.13,9.18,8.88,8.91,76826000,22048.894,2021-04-29
2020-12-15,9.03,9.15,8.94,9.15,69606100,22048.894,2021-04-29
2020-12-16,9.17,9.18,8.97,9.04,55274500,22048.894,2021-04-29
2020-12-17,9.09,9.13,9.0,9.08,49301600,22048.894,2021-04-29
2020-12-18,9.09,9.09,8.91,8.95,78764600,22048.894,2021-04-29
2020-12-21,8.87,9.01,8.79,8.93,63908100,22048.894,2021-04-29
2020-12-22,8.98,8.99,8.75,8.79,59031200,22048.894,2021-04-29
2020-12-23,8.82,9.03,8.8,8.99,54086700,22048.894,2021-04-29
2020-12-24,9.01,9.02,8.8,8.86,27927000,22048.894,2021-04-29
2020-12-28,8.92,8.98,8.86,8.89,38068400,22048.894,2021-04-29
2020-12-29,8.93,8.93,8.78,8.82,37537900,22048.894,2021-04-29
2020-12-30,8.83,8.92,8.81,8.86,38461900,22048.894,2021-04-29
2020-12-31,8.84,8.86,8.78,8.79,40176500,22048.894,2021-04-29
2021-01-04,8.81,8.84,8.43,8.52,85043100,22722.581,2021-07-29
2021-01-05,8.47,8.72,8.46,8.65,70127800,22722.581,2021-07-29
2021-01-06,8.79,8.94,8.68,8.84,72590200,22722.581,2021-07-29
2021-01-07,8.94,9.08,8.88,9.06,77117100,22722.581,2021-07-29
2021-01-08,9.1,9.14,8.89,9.0,59162200,22722.581,2021-07-29
2021-01-11,8.87,9.32,8.82,9.3,95968300,22722.581,2021-07-29
2021-01-12,9.3,9.82,9.29,9.78,124808500,22722.581,2021-07-29
2021-01-13,9.91,9.92,9.64,9.78,89549300,22722.581,2021-07-29
2021-01-14,9.81,10.2,9.79,10.17,112695300,22722.581,2021-07-29
2021-01-15,10.04,10.05,9.82,9.83,99985000,22722.581,2021-07-29
2021-01-19,10.06,10.21,9.97,10.02,78732800,22722.581,2021-07-29
2021-01-20,10.23,10.87,10.19,10.86,125033200,22722.581,2021-07-29
2021-01-21,11.28,12.15,11.12,11.53,282394100,22722.581,2021-07-29
2021-01-22,11.66,11.69,11.34,11.52,130866600,22722.581,2021-07-29
2021-01-25,11.49,11.52,10.88,11.29,118954500,22722.581,2021-07-29
2021-01-26,11.31,11.53,11.12,11.19,66267500,22722.581,2021-07-29
2021-01-27,11.02,11.17,10.7,10.79,82863000,22722.581,2021-07-29
2021-01-28,10.84,11.05,10.71,10.72,77388700,22722.581,2021-07-29
2021-01-29,10.59,10.84,10.45,10.53,73925800,22722.581,2021-07-29
2021-02-01,10.65,11.44,10.36,10.83,157114400,22722.581,2021-07-29
2021-02-02,11.14,11.2,10.71,10.86,80440700,22722.581,2021-07-29
2021-02-03,10.92,11.36,10.84,11.2,82968600,22722.581,2021-07-29
2021-02-04,11.4,11.62,11.17,11.37,106845000,22722.581,2021-07-29
2021-02-05,11.8,11.9,11.3,11.51,113402100,22722.581,2021-07-29
2021-02-08,11.52,11.58,11.31,11.56,75756700,22722.581,2021-07-29
2021-02-09,11.54,12.04,11.49,11.93,102250800,22722.581,2021-07-29
2021-02-10,12.0,12.02,11.53,11.76,76282500,22722.581,2021-07-29
2021-02-11,11.66,11.74,11.31,11.45,55762900,22722.581,2021-07-29
2021-02-12,11.42,11.62,11.37,11.45,44401200,22722.581,2021-07-29
2021-02-16,11.5,11.7,11.38,11.54,48392100,22722.581,2021-07-29
2021-02-17,11.61,11.61,11.37,11.48,49554000,22722.581,2021-07-29
2021-02-18,11.37,11.48,11.3,11.43,37777100,22722.581,2021-07-29
2021-02-19,11.52,11.59,11.46,11.58,48615600,22722.581,2021-07-29
2021-02-22,11.52,11.94,11.5,11.7,62183000,22722.581,2021-07-29
2021-02-23,11.59,11.65,11.13,11.62,72904500,22722.581,2021-07-29
2021-02-24,11.67,12.4,11.64,12.27,95152800,22722.581,2021-07-29
2021-02-25,12.22,12.4,11.72,11.76,75249400,22722.581,2021-07-29
2021-02-26,11.89,11.98,11.54,11.7,69614500,22722.581,2021-07-29
2021-03-01,11.87,12.08,11.78,11.98,43172800,22722.581,2021-07-29
2021-03-02,12.04,12.8,11.94,12.55,104789000,22722.581,2021-07-29
2021-03-03,12.61,12.61,12.14,12.17,80169700,22722.581,2021-07-29
2021-03-04,12.24,12.46,11.63,11.93,88339600,22722.581,2021-07-29
2021-03-05,12.06,12.29,11.67,12.27,79345700,22722.581,2021-07-29
2021-03-08,12.39,12.88,12.3,12.65,86129700,22722.581,2021-07-29
2021-03-09,12.76,12.76,12.38,12.57,61568700,22722.581,2021-07-29
2021-03-10,12.72,12.98,12.62,12.91,62111200,22722.581,2021-07-29
2021-03-11,12.94,13.06,12.75,12.81,56536500,22722.581,2021-07-29
2021-03-12,12.78,13.43,12.77,13.37,87160100,22722.581,2021-07-29
2021-03-15,13.39,13.62,13.05,13.2,64476000,22722.581,2021-07-29
2021-03-16,13.06,13.15,12.43,12.49,125425300,22722.581,2021-07-29
2021-03-17,12.34,12.7,12.22,12.69,109324400,22722.581,2021-07-29
2021-03-18,12.7,13.01,12.44,12.49,76733300,22722.581,2021-07-29
2021-03-19,12.85,12.95,12.55,12.83,90885200,22722.581,2021-07-29
2021-03-22,12.85,12.93,12.51,12.85,81362100,22722.581,2021-07-29
2021-03-23,12.57,12.68,12.12,12.21,73020200,22722.581,2021-07-29
2021-03-24,12.36,12.53,12.12,12.14,54534400,22722.581,2021-07-29
2021-03-25,11.94,12.35,11.72,12.32,54201800,22722.581,2021-07-29
2021-03-26,12.43,12.49,12.06,12.3,49239800,22722.581,2021-07-29
2021-03-29,12.2,12.36,12.07,12.15,44747900,22722.581,2021-07-29
2021-03-30,12.16,12.48,12.11,12.46,49762300,22722.581,2021-07-29
2021-03-31,12.46,12.54,12.21,12.25,60456900,22722.581,2021-07-29
2021-04-01,12.28,12.29,12.02,12.17,61907500,22722.581,2021-07-29
2021-04-05,12.39,12.78,12.33,12.7,82332700,23173.496,2021-10-28
2021-04-06,12.7,12.99,12.64,12.92,67499400,23173.496,2021-10-28
2021-04-07,12.87,12.93,12.66,12.73,42264000,23173.496,2021-10-28
2021-04-08,12.67,12.76,12.43,12.51,52622000,23173.496,2021-10-28
2021-04-09,12.49,12.62,12.39,12.51,40555400,23173.496,2021-10-28
2021-04-12,12.5,12.55,12.32,12.38,40422800,23173.496,2021-10-28
2021-04-13,12.39,12.45,12.1,12.2,51556000,23173.496,2021-10-28
2021-04-14,12.2,12.49,12.2,12.24,49877500,23173.496,2021-10-28
2021-04-15,12.3,12.32,12.13,12.24,38209300,23173.496,2021-10-28
2021-04-16,12.32,12.36,12.19,12.23,33132900,23173.496,2021-10-28
2021-04-19,12.22,12.25,12.02,12.11,39063500,23173.496,2021-10-28
2021-04-20,12.06,12.06,11.35,11.45,83170800,23173.496,2021-10-28
2021-04-21,11.36,11.74,11.18,11.73,49641100,23173.496,2021-10-28
2021-04-22,12.06,12.15,11.83,11.94,73064400,23173.496,2021-10-28
2021-04-23,11.97,12.24,11.87,12.22,51833300,23173.496,2021-10-28
2021-04-26,12.28,12.44,12.23,12.27,40863800,23173.496,2021-10-28
2021-04-27,12.29,12.5,12.27,12.49,42037800,23173.496,2021-10-28
2021-04-28,12.6,12.6,12.39,12.43,68023400,23173.496,2021-10-28
2021-04-29,11.91,11.91,11.14,11.26,230430600,23173.496,2021-10-28
2021-04-30,11.36,11.54,11.33,11.54,90786500,23173.496,2021-10-28
2021-05-03,11.56,11.68,11.43,11.63,61987300,23173.496,2021-10-28
2021-05-04,11.53,11.55,11.23,11.41,71007700,23173.496,2021-10-28
2021-05-05,11.5,11.64,11.4,11.61,64495500,23173.496,2021-10-28
2021-05-06,11.55,11.76,11.48,11.74,50032800,23173.496,2021-10-28
2021-05-07,11.65,11.83,11.52,11.82,41525800,23173.496,2021-10-28
2021-05-10,11.78,11.93,11.7,11.71,51703500,23173.496,2021-10-28
2021-05-11,11.45,11.76,11.42,11.58,56882600,23173.496,2021-10-28
2021-05-12,11.54,11.68,11.28,11.33,55663100,23173.496,2021-10-28
2021-05-13,11.36,11.68,11.35,11.55,56598500,23173.496,2021-10-28
2021-05-14,11.65,11.87,11.62,11.84,48619200,23173.496,2021-10-28
2021-05-17,11.82,12.18,11.79,12.15,52201700,23173.496,2021-10-28
2021-05-18,12.29,12.53,12.13,12.14,72472900,23173.496,2021-10-28
2021-05-19,12.03,12.21,11.85,12.11,70220800,23173.496,2021-10-28
2021-05-20,12.52,12.69,12.3,12.49,106243900,23173.496,2021-10-28
2021-05-21,12.7,13.47,12.57,13.33,200958600,23173.496,2021-10-28
2021-05-24,13.38,13.38,12.92,13.06,111374300,23173.496,2021-10-28
2021-05-25,13.13,13.43,12.8,12.81,113383400,23173.496,2021-10-28
2021-05-26,13.16,13.95,13.1,13.9,227538700,23173.496,2021-10-28
2021-05-27,14.38,15.05,14.12,14.88,278939100,23173.496,2021-10-28
2021-05-28,15.01,15.05,14.41,14.53,152105300,23173.496,2021-10-28
2021-06-01,14.72,14.84,14.46,14.81,89071000,23173.496,2021-10-28
2021-06-02,14.9,15.02,14.68,14.91,77517200,23173.496,2021-10-28
2021-06-03,15.15,16.059999,14.99,15.99,179671400,23173.496,2021-10-28
2021-06-04,16.33,16.450001,15.8,15.97,151788000,23173.496,2021-10-28
2021-06-07,16.01,16.200001,15.65,15.88,90915300,23173.496,2021-10-28
2021-06-08,15.76,15.8,15.33,15.63,93891100,23173.496,2021-10-28
2021-06-09,15.6,15.62,15.39,15.48,60079100,23173.496,2021-10-28
2021-06-10,15.59,15.78,15.08,15.11,78147500,23173.496,2021-10-28
2021-06-11,15.3,15.43,15.17,15.28,50613500,23173.496,2021-10-28
2021-06-14,15.23,15.3,14.82,14.87,82666000,23173.496,2021-10-28
2021-06-15,14.91,15.16,14.76,15.0,62612700,23173.496,2021-10-28
2021-06-16,15.1,15.29,14.88,15.02,69112900,23173.496,2021-10-28
2021-06-17,15.3,15.4,14.58,14.77,126653100,23173.496,2021-10-28
2021-06-18,14.54,14.77,14.44,14.52,76319700,23173.496,2021-10-28
2021-06-21,14.63,14.9,14.55,14.78,63385000,23173.496,2021-10-28
2021-06-22,15.02,15.11,14.82,14.91,65545900,23173.496,2021-10-28
2021-06-23,15.14,15.53,15.03,15.42,94985700,23173.496,2021-10-28
2021-06-24,15.54,15.55,15.15,15.26,79859800,23173.496,2021-10-28
2021-06-25,15.24,15.52,15.18,15.19,111760500,23173.496,2021-10-28
2021-06-28,15.2,15.21,14.83,14.96,79477400,23173.496,2021-10-28
2021-06-29,15.05,15.2,14.88,15.01,68208200,23173.496,2021-10-28
2021-06-30,14.95,15.11,14.81,14.86,72213500,23173.496,2021-10-28
2021-07-01,14.91,14.97,14.84,14.91,51112200,23173.496,2021-10-28
2021-07-02,14.96,15.04,14.83,14.93,43652000,23992.355,2022-01-27
2021-07-06,14.87,14.88,14.39,14.5,73990600,23992.355,2022-01-27
2021-07-07,14.41,14.46,14.02,14.23,72992500,23992.355,2022-01-27
2021-07-08,13.96,14.23,13.74,14.06,62706800,23992.355,2022-01-27
2021-07-09,14.45,14.58,14.27,14.48,65981200,23992.355,2022-01-27
2021-07-12,14.36,14.74,14.24,14.61,49205200,23992.355,2022-01-27
2021-07-13,14.5,14.63,14.3,14.42,45360600,23992.355,2022-01-27
2021-07-14,14.43,14.63,14.2,14.25,39056200,23992.355,2022-01-27
2021-07-15,14.15,14.3,13.94,14.01,44952300,23992.355,2022-01-27
2021-07-16,14.12,14.14,13.58,13.61,48065200,23992.355,2022-01-27
2021-07-19,13.25,13.32,12.79,13.28,99949200,23992.355,2022-01-27
2021-07-20,13.37,13.96,13.28,13.91,70731800,23992.355,2022-01-27
2021-07-21,14.05,14.34,14.03,14.19,53817500,23992.355,2022-01-27
2021-07-22,14.08,14.14,13.78,13.91,40440100,23992.355,2022-01-27
2021-07-23,13.97,14.04,13.73,13.82,37927900,23992.355,2022-01-27
2021-07-26,13.9,14.08,13.87,14.03,43838000,23992.355,2022-01-27
2021-07-27,13.93,13.96,13.65,13.79,41963200,23992.355,2022-01-27
2021-07-28,13.86,13.99,13.57,13.86,70653500,23992.355,2022-01-27
2021-07-29,14.51,14.79,14.3,14.39,111154800,23992.355,2022-01-27
2021-07-30,14.23,14.3,13.87,13.95,74955700,23992.355,2022-01-27
2021-08-02,14.02,14.33,13.88,13.91,64673700,23992.355,2022-01-27
2021-08-03,13.97,14.08,13.64,14.02,53257700,23992.355,2022-01-27
2021-08-04,13.85,13.93,13.3,13.32,81502700,23992.355,2022-01-27
2021-08-05,13.54,13.82,13.45,13.71,60524400,23992.355,2022-01-27
2021-08-06,13.82,13.91,13.73,13.8,44450600,23992.355,2022-01-27
2021-08-09,13.72,13.82,13.55,13.75,38760400,23992.355,2022-01-27
2021-08-10,13.77,13.91,13.66,13.82,32120800,23992.355,2022-01-27
2021-08-11,13.86,13.95,13.67,13.93,42795600,23992.355,2022-01-27
2021-08-12,13.92,14.05,13.79,13.9,38547900,23992.355,2022-01-27
2021-08-13,13.88,13.95,13.54,13.59,45118500,23992.355,2022-01-27
2021-08-16,13.5,13.56,13.32,13.46,38664300,23992.355,2022-01-27
2021-08-17,13.32,13.33,12.81,12.99,74625300,23992.355,2022-01-27
2021-08-18,12.95,13.21,12.9,13.0,50966700,23992.355,2022-01-27
2021-08-19,12.8,12.92,12.57,12.67,69038800,23992.355,2022-01-27
2021-08-20,12.61,12.67,12.38,12.57,53615600,23992.355,2022-01-27
2021-08-23,12.71,12.85,12.47,12.73,64573600,23992.355,2022-01-27
2021-08-24,12.81,13.14,12.76,13.08,53672500,23992.355,2022-01-27
2021-08-25,13.12,13.28,13.02,13.17,51195500,23992.355,2022-01-27
2021-08-26,13.11,13.13,12.81,12.9,57559800,23992.355,2022-01-27
2021-08-27,12.89,13.37,12.87,13.31,57587300,23992.355,2022-01-27
2021-08-30,13.35,13.37,13.03,13.05,42720100,23992.355,2022-01-27
2021-08-31,13.02,13.14,12.93,13.03,42212700,23992.355,2022-01-27
2021-09-01,13.03,13.22,12.9,13.11,58875700,23992.355,2022-01-27
2021-09-02,13.09,13.21,12.97,13.01,49053200,23992.355,2022-01-27
2021-09-03,12.99,13.05,12.87,12.89,41616700,23992.355,2022-01-27
2021-09-07,12.83,13.04,12.81,12.95,64008900,23992.355,2022-01-27
2021-09-08,12.97,13.22,12.91,13.03,57980900,23992.355,2022-01-27
2021-09-09,12.95,12.95,12.72,12.76,68806400,23992.355,2022-01-27
2021-09-10,12.84,12.93,12.66,12.68,48792500,23992.355,2022-01-27
2021-09-13,12.76,12.99,12.62,12.99,62270800,23992.355,2022-01-27
2021-09-14,12.93,13.06,12.79,12.86,47640800,23992.355,2022-01-27
2021-09-15,12.89,13.25,12.81,13.22,60282100,23992.355,2022-01-27
2021-09-16,13.18,13.53,13.1,13.4,76426100,23992.355,2022-01-27
2021-09-17,13.41,13.7,13.39,13.55,76182400,23992.355,2022-01-27
2021-09-20,13.07,13.19,12.63,12.82,126152200,23992.355,2022-01-27
2021-09-21,12.89,12.97,12.66,12.77,60473100,23992.355,2022-01-27
2021-09-22,12.92,13.39,12.91,13.23,75784000,23992.355,2022-01-27
2021-09-23,13.35,13.74,13.32,13.71,68708100,23992.355,2022-01-27
2021-09-24,13.66,13.94,13.64,13.78,57440200,23992.355,2022-01-27
2021-09-27,13.89,14.29,13.88,14.16,68769700,23992.355,2022-01-27
2021-09-28,14.63,14.73,14.23,14.31,107090900,23992.355,2022-01-27
2021-09-29,14.46,14.5,14.17,14.3,56805500,23992.355,2022-01-27
2021-09-30,14.26,14.32,14.09,14.16,78820500,23992.355,2022-01-27
2021-10-01,14.26,14.37,14.01,14.16,51880900,23992.355,2022-01-27
2021-10-04,14.27,14.79,14.22,14.35,78332500,24382.683,2022-04-28
2021-10-05,14.44,14.44,14.11,14.29,55915800,24382.683,2022-04-28
2021-10-06,14.14,14.34,13.89,14.12,61020300,24382.683,2022-04-28
2021-10-07,14.34,14.95,14.31,14.89,96557500,24382.683,2022-04-28
2021-10-08,14.92,15.49,14.85,15.12,99468900,24382.683,2022-04-28
2021-10-11,15.2,15.36,14.97,15.09,45302300,24382.683,2022-04-28
2021-10-12,15.11,15.68,15.01,15.64,89134000,24382.683,2022-04-28
2021-10-13,15.59,15.69,15.27,15.51,63363500,24382.683,2022-04-28
2021-10-14,15.62,15.62,15.37,15.45,50875100,24382.683,2022-04-28
2021-10-15,15.54,16.030001,15.54,15.7,77211800,24382.683,2022-04-28
2021-10-18,15.57,15.65,15.49,15.56,48643800,24382.683,2022-04-28
2021-10-19,15.6,15.69,15.37,15.42,44668300,24382.683,2022-04-28
2021-10-20,15.43,16.16,15.37,16.040001,105213700,24382.683,2022-04-28
2021-10-21,16.16,16.700001,16.129999,16.549999,95855000,24382.683,2022-04-28
2021-10-22,16.42,16.540001,16.23,16.280001,60646800,24382.683,2022-04-28
2021-10-25,16.4,16.5,15.81,16.0,67808000,24382.683,2022-04-28
2021-10-26,16.09,16.219999,15.7,15.94,64882300,24382.683,2022-04-28
2021-10-27,15.79,15.92,15.5,15.51,96094300,24382.683,2022-04-28
2021-10-28,16.860001,17.58,16.709999,16.860001,215237600,24382.683,2022-04-28
2021-10-29,16.860001,17.360001,16.549999,17.08,100560700,24382.683,2022-04-28
2021-11-01,17.5,17.969999,17.07,17.950001,125246500,24382.683,2022-04-28
2021-11-02,18.15,18.190001,17.73,18.01,115146200,24382.683,2022-04-28
2021-11-03,17.92,18.83,17.879999,18.629999,104755500,24382.683,2022-04-28
2021-11-04,18.92,19.5,18.719999,19.42,157505500,24382.683,2022-04-28
2021-11-05,19.709999,19.719999,18.99,19.290001,122232200,24382.683,2022-04-28
2021-11-08,19.4,20.42,19.24,20.15,153490400,24382.683,2022-04-28
2021-11-09,20.51,20.51,19.41,20.120001,164928500,24382.683,2022-04-28
2021-11-10,19.879999,20.469999,19.059999,19.360001,229109600,24382.683,2022-04-28
2021-11-11,19.639999,19.84,19.26,19.549999,96436500,24382.683,2022-04-28
2021-11-12,19.379999,19.620001,19.209999,19.5,77837900,24382.683,2022-04-28
2021-11-15,19.459999,19.950001,19.139999,19.860001,84838600,24382.683,2022-04-28
2021-11-16,19.9,20.059999,19.530001,19.790001,66557200,24382.683,2022-04-28
2021-11-17,19.74,20.01,19.440001,19.959999,80855200,24382.683,2022-04-28
2021-11-18,20.16,20.26,19.360001,19.559999,111368800,24382.683,2022-04-28
2021-11-19,19.639999,19.67,19.24,19.389999,64610400,24382.683,2022-04-28
2021-11-22,19.389999,20.790001,19.309999,20.48,137861700,24382.683,2022-04-28
2021-11-23,20.43,20.530001,19.969999,20.200001,90984500,24382.683,2022-04-28
2021-11-24,19.969999,20.34,19.780001,20.25,77324300,24382.683,2022-04-28
2021-11-26,19.66,19.84,19.469999,19.75,49434000,24382.683,2022-04-28
2021-11-29,20.07,20.190001,19.49,19.67,68778700,24382.683,2022-04-28
2021-11-30,19.620001,19.950001,19.030001,19.190001,103238400,24382.683,2022-04-28
2021-12-01,19.629999,20.469999,19.530001,19.58,125295600,24382.683,2022-04-28
2021-12-02,19.5,20.110001,19.280001,19.870001,94142300,24382.683,2022-04-28
2021-12-03,20.370001,20.4,18.93,19.139999,120275200,24382.683,2022-04-28
2021-12-06,19.23,19.49,18.610001,19.219999,88147400,24382.683,2022-04-28
2021-12-07,19.65,20.059999,19.52,19.959999,75885600,24382.683,2022-04-28
2021-12-08,20.18,20.190001,19.75,19.809999,63246800,24382.683,2022-04-28
2021-12-09,19.76,19.93,19.540001,19.57,63357600,24382.683,2022-04-28
2021-12-10,19.77,21.49,19.76,21.450001,169657200,24382.683,2022-04-28
2021-12-13,21.24,21.299999,20.129999,20.43,126632300,24382.683,2022-04-28
2021-12-14,19.799999,20.18,19.379999,20.049999,124559700,24382.683,2022-04-28
2021-12-15,19.99,20.33,19.549999,20.190001,79679700,24382.683,2022-04-28
2021-12-16,20.57,21.1,20.26,20.35,107020900,24382.683,2022-04-28
2021-12-17,20.030001,20.24,19.6,19.77,98710700,24382.683,2022-04-28
2021-12-20,19.459999,19.620001,19.049999,19.42,74565600,24382.683,2022-04-28
2021-12-21,19.75,19.790001,19.33,19.610001,58930900,24382.683,2022-04-28
2021-12-22,19.639999,20.34,19.639999,20.139999,75806400,24382.683,2022-04-28
2021-12-23,20.08,20.41,20.0,20.25,50610500,24382.683,2022-04-28
2021-12-27,20.26,20.889999,20.1,20.799999,59651800,24382.683,2022-04-28
2021-12-28,20.66,21.059999,20.59,20.76,53020500,24382.683,2022-04-28
2021-12-29,20.709999,20.77,20.450001,20.559999,37883000,24382.683,2022-04-28
2021-12-30,20.59,20.959999,20.469999,20.469999,51470100,24382.683,2022-04-28
2021-12-31,20.459999,21.01,20.459999,20.77,51899600,24382.683,2022-04-28
2022-01-03,21.27,21.879999,21.059999,21.77,110449000,24851.809,2022-07-28
2022-01-04,22.52,24.559999,22.42,24.309999,311645200,24851.809,2022-07-28
2022-01-05,24.059999,24.950001,23.469999,23.66,253540000,24851.809,2022-07-28
2022-01-06,24.09,24.620001,23.360001,24.459999,155058800,24851.809,2022-07-28
2022-01-07,24.67,24.91,24.040001,24.440001,127017500,24851.809,2022-07-28
2022-01-10,24.1,24.440001,23.35,23.85,122800700,24851.809,2022-07-28
2022-01-11,23.780001,24.35,23.280001,24.35,106011600,24851.809,2022-07-28
2022-01-12,24.610001,24.84,24.01,24.469999,104050000,24851.809,2022-07-28
2022-01-13,24.639999,25.870001,24.370001,25.02,185780500,24851.809,2022-07-28
2022-01-14,24.469999,25.280001,24.299999,25.190001,146012200,24851.809,2022-07-28
2022-01-18,24.870001,25.129999,24.299999,24.379999,110518100,24851.809,2022-07-28
2022-01-19,24.65,24.92,22.41,22.450001,153198200,24851.809,2022-07-28
2022-01-20,21.879999,22.879999,21.57,21.65,152014100,24851.809,2022-07-28
2022-01-21,21.209999,21.5,20.540001,20.65,145532900,24851.809,2022-07-28
2022-01-24,19.93,20.469999,18.799999,20.389999,186674000,24851.809,2022-07-28
2022-01-25,20.0,20.309999,19.559999,19.98,116775800,24851.809,2022-07-28
2022-01-26,21.01,21.040001,19.57,19.91,135786400,24851.809,2022-07-28
2022-01-27,20.309999,20.65,19.41,19.549999,105674400,24851.809,2022-07-28
2022-01-28,19.32,19.549999,18.92,19.540001,87677100,24851.809,2022-07-28
2022-01-31,19.58,20.33,19.370001,20.299999,91361900,24851.809,2022-07-28
2022-02-01,20.610001,20.85,19.92,20.66,117651800,24851.809,2022-07-28
2022-02-02,20.809999,21.049999,20.18,20.629999,95377600,24851.809,2022-07-28
2022-02-03,20.17,20.620001,19.870001,19.889999,103016000,24851.809,2022-07-28
2022-02-04,18.52,18.59,17.52,17.959999,211100500,24851.809,2022-07-28
2022-02-07,17.73,18.120001,17.700001,17.889999,84610000,24851.809,2022-07-28
2022-02-08,17.58,17.91,17.02,17.719999,142694300,24851.809,2022-07-28
2022-02-09,18.27,18.43,18.030001,18.35,87118600,24851.809,2022-07-28
2022-02-10,17.969999,18.629999,17.92,18.08,76195300,24851.809,2022-07-28
2022-02-11,18.1,18.360001,17.42,17.549999,94534100,24851.809,2022-07-28
2022-02-14,17.51,17.73,17.290001,17.459999,78625000,24851.809,2022-07-28
2022-02-15,17.799999,18.129999,17.719999,18.08,65883300,24851.809,2022-07-28
2022-02-16,17.889999,18.209999,17.74,18.01,57442100,24851.809,2022-07-28
2022-02-17,17.860001,17.940001,17.5,17.540001,55368600,24851.809,2022-07-28
2022-02-18,17.6,18.48,17.57,18.040001,106404200,24851.809,2022-07-28
2022-02-22,17.67,17.76,17.07,17.290001,98550700,24851.809,2022-07-28
2022-02-23,17.5,17.73,16.879999,16.950001,79855400,24851.809,2022-07-28
2022-02-24,15.99,17.190001,15.96,17.15,110443900,24851.809,2022-07-28
2022-02-25,17.25,17.9,17.120001,17.83,78888000,24851.809,2022-07-28
2022-02-28,17.34,17.68,17.209999,17.559999,82367800,24851.809,2022-07-28
2022-03-01,17.41,17.41,16.450001,16.700001,94819500,24851.809,2022-07-28
2022-03-02,17.5,18.25,17.299999,18.1,138638200,24851.809,2022-07-28
2022-03-03,18.25,18.25,17.440001,17.6,95395500,24851.809,2022-07-28
2022-03-04,17.35,17.389999,16.639999,16.85,91304000,24851.809,2022-07-28
2022-03-07,16.84,16.9,15.97,15.97,87999200,24851.809,2022-07-28
2022-03-08,16.059999,16.719999,15.77,16.030001,101020300,24851.809,2022-07-28
2022-03-09,16.65,16.83,16.280001,16.370001,62846700,24851.809,2022-07-28
2022-03-10,16.110001,16.41,15.76,16.33,72992600,24851.809,2022-07-28
2022-03-11,16.4,16.48,16.01,16.040001,54985900,24851.809,2022-07-28
2022-03-14,16.09,16.23,15.51,15.74,66341700,24851.809,2022-07-28
2022-03-15,15.77,16.139999,15.53,16.059999,65263700,24851.809,2022-07-28
2022-03-16,16.469999,16.629999,16.059999,16.58,82677600,24851.809,2022-07-28
2022-03-17,16.23,16.58,16.16,16.58,58500200,24851.809,2022-07-28
2022-03-18,16.42,16.9,16.280001,16.860001,89144000,24851.809,2022-07-28
2022-03-21,16.870001,17.110001,16.33,16.48,72583600,24851.809,2022-07-28
2022-03-22,16.719999,17.309999,16.700001,17.09,77647100,24851.809,2022-07-28
2022-03-23,16.82,17.049999,16.57,16.68,63296800,24851.809,2022-07-28
2022-03-24,16.74,16.98,16.639999,16.83,56314200,24851.809,2022-07-28
2022-03-25,16.74,16.780001,16.34,16.469999,62023100,24851.809,2022-07-28
2022-03-28,16.549999,16.68,16.280001,16.67,54634400,24851.809,2022-07-28
2022-03-29,17.01,17.799999,17.01,17.75,90676900,24851.809,2022-07-28
2022-03-30,17.52,17.66,17.200001,17.27,57853400,24851.809,2022-07-28
2022-03-31,17.200001,17.35,16.5,16.91,52529400,24851.809,2022-07-28
2022-04-01,17.01,17.15,16.34,16.65,64695700,24851.809,2022-07-28
2022-04-04,16.66,16.73,16.360001,16.66,51146500,25663.289,2022-10-27
2022-04-05,16.459999,16.620001,15.81,15.82,91708000,25663.289,2022-10-27
2022-04-06,15.6,15.8,15.18,15.39,102881600,25663.289,2022-10-27
2022-04-07,15.07,15.21,14.56,14.96,101229100,25663.289,2022-10-27
2022-04-08,14.94,15.44,14.81,15.05,75085800,25663.289,2022-10-27
2022-04-11,14.89,15.77,14.89,15.28,66117100,25663.289,2022-10-27
2022-04-12,15.5,15.72,15.28,15.36,49138700,25663.289,2022-10-27
2022-04-13,15.31,15.55,15.22,15.51,51871800,25663.289,2022-10-27
2022-04-14,15.5,15.76,15.46,15.48,39312900,25663.289,2022-10-27
2022-04-18,15.37,15.79,15.37,15.67,40205800,25663.289,2022-10-27
2022-04-19,15.74,16.23,15.74,16.15,55398300,25663.289,2022-10-27
2022-04-20,16.23,16.549999,16.01,16.049999,47351500,25663.289,2022-10-27
2022-04-21,16.48,16.57,15.61,15.7,49898500,25663.289,2022-10-27
2022-04-22,15.55,15.64,15.0,15.13,56193700,25663.289,2022-10-27
2022-04-25,14.91,15.2,14.62,15.19,58361400,25663.289,2022-10-27
2022-04-26,15.1,15.14,14.67,14.71,60345300,25663.289,2022-10-27
2022-04-27,14.79,15.1,14.6,14.85,65847900,25663.289,2022-10-27
2022-04-28,14.91,14.99,13.9,14.62,131556500,25663.289,2022-10-27
2022-04-29,14.59,14.97,14.1,14.16,83184900,25663.289,2022-10-27
2022-05-02,14.02,14.29,13.82,14.27,64734000,25663.289,2022-10-27
2022-05-03,14.31,14.75,14.2,14.56,55734200,25663.289,2022-10-27
2022-05-04,14.51,15.0,14.26,14.98,59774900,25663.289,2022-10-27
2022-05-05,14.82,14.82,14.34,14.53,57889200,25663.289,2022-10-27
2022-05-06,14.46,14.6,14.0,14.21,66622200,25663.289,2022-10-27
2022-05-09,13.85,14.17,13.31,13.37,71242000,25663.289,2022-10-27
2022-05-10,13.8,13.84,13.02,13.35,75506700,25663.289,2022-10-27
2022-05-11,13.2,13.62,12.79,12.83,71644900,25663.289,2022-10-27
2022-05-12,12.21,12.8,12.15,12.44,113203900,25663.289,2022-10-27
2022-05-13,12.88,13.63,12.87,13.5,78944200,25663.289,2022-10-27
2022-05-16,13.49,13.52,12.98,13.05,65055400,25663.289,2022-10-27
2022-05-17,13.34,13.53,13.16,13.53,50891400,25663.289,2022-10-27
2022-05-18,13.25,13.36,12.71,12.78,68362500,25663.289,2022-10-27
2022-05-19,12.64,13.12,12.63,12.85,58459600,25663.289,2022-10-27
2022-05-20,13.05,13.12,12.07,12.5,78183400,25663.289,2022-10-27
2022-05-23,12.64,12.95,12.5,12.83,51929600,25663.289,2022-10-27
2022-05-24,12.6,12.68,12.27,12.42,51082800,25663.289,2022-10-27
2022-05-25,12.33,12.81,12.32,12.71,41193100,25663.289,2022-10-27
2022-05-26,12.8,13.2,12.79,13.12,45709200,25663.289,2022-10-27
2022-05-27,13.26,13.63,13.24,13.63,54195700,25663.289,2022-10-27
2022-05-31,13.68,13.82,13.35,13.68,79689900,25663.289,2022-10-27
2022-06-01,13.88,13.97,13.4,13.55,50726200,25663.289,2022-10-27
2022-06-02,13.64,13.96,13.6,13.89,42979700,25663.289,2022-10-27
2022-06-03,13.63,13.78,13.36,13.5,43625200,25663.289,2022-10-27
2022-06-06,13.74,13.74,13.38,13.46,37711100,25663.289,2022-10-27
2022-06-07,13.26,13.77,13.19,13.74,38940300,25663.289,2022-10-27
2022-06-08,13.63,13.85,13.44,13.53,39441900,25663.289,2022-10-27
2022-06-09,13.51,13.59,13.28,13.28,30468000,25663.289,2022-10-27
2022-06-10,13.0,13.21,12.63,12.75,55644400,25663.289,2022-10-27
2022-06-13,12.3,12.38,11.74,11.81,80676300,25663.289,2022-10-27
2022-06-14,11.99,12.42,11.91,12.2,82369300,25663.289,2022-10-27
2022-06-15,12.22,12.42,12.0,12.27,70393200,25663.289,2022-10-27
2022-06-16,11.8,11.91,11.12,11.25,80380100,25663.289,2022-10-27
2022-06-17,11.24,11.44,10.9,11.23,80248800,25663.289,2022-10-27
2022-06-21,11.55,11.66,11.35,11.46,66283400,25663.289,2022-10-27
2022-06-22,11.26,11.68,11.21,11.48,46098900,25663.289,2022-10-27
2022-06-23,11.5,11.58,11.25,11.56,53655000,25663.289,2022-10-27
2022-06-24,11.65,12.12,11.57,12.01,55457600,25663.289,2022-10-27
2022-06-27,12.12,12.18,11.9,12.04,44009900,25663.289,2022-10-27
2022-06-28,12.14,12.44,11.8,11.81,45866900,25663.289,2022-10-27
2022-06-29,11.74,11.76,11.38,11.52,39474200,25663.289,2022-10-27
2022-06-30,11.24,11.36,10.93,11.13,59238200,25663.289,2022-10-27
2022-07-01,11.1,11.5,10.99,11.32,54356000,25663.289,2022-10-27
2022-07-05,11.05,11.21,10.61,11.2,87269800,26132.458,2023-01-26
2022-07-06,11.15,11.27,10.84,11.06,71282900,26132.458,2023-01-26
2022-07-07,11.33,11.72,11.33,11.65,63000400,26132.458,2023-01-26
2022-07-08,11.65,11.78,11.48,11.62,55235600,26132.458,2023-01-26
2022-07-11,11.54,11.66,11.27,11.29,48833600,26132.458,2023-01-26
2022-07-12,11.29,11.72,11.27,11.56,58414500,26132.458,2023-01-26
2022-07-13,11.31,11.58,11.17,11.51,48274300,26132.458,2023-01-26
2022-07-14,11.22,11.4,11.14,11.39,48176300,26132.458,2023-01-26
2022-07-15,11.58,11.9,11.49,11.88,49306900,26132.458,2023-01-26
2022-07-18,12.15,12.25,11.9,11.96,45873400,26132.458,2023-01-26
2022-07-19,12.22,12.69,12.21,12.59,62650800,26132.458,2023-01-26
2022-07-20,12.6,12.82,12.51,12.73,51932200,26132.458,2023-01-26
2022-07-21,12.88,13.0,12.63,13.0,66949200,26132.458,2023-01-26
2022-07-22,13.1,13.14,12.72,12.82,46724700,26132.458,2023-01-26
2022-07-25,12.85,12.99,12.6,12.84,36830500,26132.458,2023-01-26
2022-07-26,12.68,12.76,12.46,12.54,49272300,26132.458,2023-01-26
2022-07-27,12.75,13.19,12.63,13.19,64572300,26132.458,2023-01-26
2022-07-28,13.94,14.09,13.38,14.0,144096500,26132.458,2023-01-26
2022-07-29,14.11,14.79,14.01,14.69,94551600,26132.458,2023-01-26
2022-08-01,14.66,15.43,14.55,15.34,109521700,26132.458,2023-01-26
2022-08-02,15.2,15.45,15.12,15.16,74626800,26132.458,2023-01-26
2022-08-03,15.48,16.15,15.46,15.69,95846000,26132.458,2023-01-26
2022-08-04,15.65,15.67,15.31,15.37,85039800,26132.458,2023-01-26
2022-08-05,15.23,15.47,15.13,15.3,68093500,26132.458,2023-01-26
2022-08-08,15.57,16.040001,15.55,15.78,75988100,26132.458,2023-01-26
2022-08-09,15.66,15.7,15.15,15.19,67676800,26132.458,2023-01-26
2022-08-10,15.47,15.58,15.23,15.5,71607000,26132.458,2023-01-26
2022-08-11,15.8,15.92,15.61,15.83,61567000,26132.458,2023-01-26
2022-08-12,15.95,16.219999,15.84,16.18,53182500,26132.458,2023-01-26
2022-08-15,16.0,16.450001,15.94,16.32,51779600,26132.458,2023-01-26
2022-08-16,16.299999,16.68,16.26,16.43,54028900,26132.458,2023-01-26
2022-08-17,16.16,16.27,15.9,16.030001,57118300,26132.458,2023-01-26
2022-08-18,15.99,16.209999,15.86,16.15,39414200,26132.458,2023-01-26
2022-08-19,15.95,16.139999,15.77,15.88,48597200,26132.458,2023-01-26
2022-08-22,15.08,15.21,14.91,15.08,71321800,26132.458,2023-01-26
2022-08-23,15.09,15.42,15.09,15.32,51289000,26132.458,2023-01-26
2022-08-24,15.32,15.66,15.24,15.52,39508700,26132.458,2023-01-26
2022-08-25,15.6,16.040001,15.58,15.93,56401300,26132.458,2023-01-26
2022-08-26,16.01,16.09,15.41,15.41,54517300,26132.458,2023-01-26
2022-08-29,15.2,15.71,15.19,15.57,50416500,26132.458,2023-01-26
2022-08-30,15.7,15.8,15.17,15.45,66034400,26132.458,2023-01-26
2022-08-31,15.52,15.52,15.24,15.24,52058200,26132.458,2023-01-26
2022-09-01,15.1,15.22,14.78,15.19,65299800,26132.458,2023-01-26
2022-09-02,15.53,15.57,15.06,15.16,64565400,26132.458,2023-01-26
2022-09-06,15.22,15.24,14.84,15.03,58676700,26132.458,2023-01-26
2022-09-07,14.91,15.49,14.79,15.43,55087200,26132.458,2023-01-26
2022-09-08,15.16,15.48,15.02,15.47,60075900,26132.458,2023-01-26
2022-09-09,15.6,15.7,15.32,15.42,63328600,26132.458,2023-01-26
2022-09-12,15.55,15.74,15.45,15.54,52656500,26132.458,2023-01-26
2022-09-13,15.0,15.13,14.7,14.74,80842500,26132.458,2023-01-26
2022-09-14,14.76,14.85,14.45,14.66,59571800,26132.458,2023-01-26
2022-09-15,14.69,15.21,14.68,14.89,61377000,26132.458,2023-01-26
2022-09-16,14.62,14.74,14.47,14.72,68454800,26132.458,2023-01-26
2022-09-19,14.5,14.96,14.49,14.93,48696200,26132.458,2023-01-26
2022-09-20,14.09,14.23,13.01,13.09,196340000,26132.458,2023-01-26
2022-09-21,13.24,13.59,13.05,13.05,94271600,26132.458,2023-01-26
2022-09-22,13.12,13.24,12.75,12.77,82004400,26132.458,2023-01-26
2022-09-23,12.33,12.44,11.95,12.31,104043700,26132.458,2023-01-26
2022-09-26,12.21,12.38,11.93,11.99,89300400,26132.458,2023-01-26
2022-09-27,12.21,12.22,11.66,11.91,87044400,26132.458,2023-01-26
2022-09-28,11.91,12.24,11.76,12.18,72701600,26132.458,2023-01-26
2022-09-29,11.85,11.88,11.36,11.47,84534900,26132.458,2023-01-26
2022-09-30,11.39,11.53,11.19,11.2,71688200,26132.458,2023-01-26
2022-10-03,11.38,11.59,11.13,11.47,66198300,26465.865,2023-04-27
2022-10-04,11.96,12.37,11.94,12.36,87629200,26465.865,2023-04-27
2022-10-05,12.38,12.56,12.13,12.51,87919100,26465.865,2023-04-27
2022-10-06,12.36,12.63,12.19,12.36,64531900,26465.865,2023-04-27
2022-10-07,12.18,12.3,12.0,12.2,56494500,26465.865,2023-04-27
2022-10-10,11.47,11.55,11.2,11.36,115548900,26465.865,2023-04-27
2022-10-11,11.3,11.87,11.18,11.56,75173200,26465.865,2023-04-27
2022-10-12,11.48,11.7,11.35,11.54,59628500,26465.865,2023-04-27
2022-10-13,11.24,11.89,11.2,11.77,70487400,26465.865,2023-04-27
2022-10-14,11.8,11.85,11.56,11.67,55127700,26465.865,2023-04-27
2022-10-17,11.98,11.99,11.66,11.83,59561700,26465.865,2023-04-27
2022-10-18,12.22,12.25,11.91,12.03,53603400,26465.865,2023-04-27
2022-10-19,11.91,12.14,11.86,12.13,54130000,26465.865,2023-04-27
2022-10-20,12.13,12.2,11.73,11.77,55568100,26465.865,2023-04-27
2022-10-21,11.74,12.25,11.68,12.19,55132700,26465.865,2023-04-27
2022-10-24,12.3,12.65,12.18,12.48,64717700,26465.865,2023-04-27
2022-10-25,12.58,13.03,12.46,12.83,66391600,26465.865,2023-04-27
2022-10-26,12.8,13.06,12.52,12.82,86833600,26465.865,2023-04-27
2022-10-27,12.77,13.22,12.42,13.0,88421500,26465.865,2023-04-27
2022-10-28,13.0,13.31,12.97,13.26,55777900,26465.865,2023-04-27
2022-10-31,13.15,13.51,13.14,13.37,54676700,26465.865,2023-04-27
2022-11-01,13.57,13.65,13.16,13.4,47454700,26465.865,2023-04-27
2022-11-02,13.22,13.67,13.06,13.06,73673500,26465.865,2023-04-27
2022-11-03,12.81,13.46,12.77,13.26,58782600,26465.865,2023-04-27
2022-11-04,13.57,13.77,13.27,13.51,61489100,26465.865,2023-04-27
2022-11-07,13.61,13.76,13.37,13.7,48176900,26465.865,2023-04-27
2022-11-08,13.78,13.8,13.51,13.72,52731900,26465.865,2023-04-27
2022-11-09,13.57,13.7,13.28,13.31,74199200,26465.865,2023-04-27
2022-11-10,13.69,14.36,13.67,14.18,75638500,26465.865,2023-04-27
2022-11-11,14.26,14.67,14.2,14.5,60187600,26465.865,2023-04-27
2022-11-14,14.23,14.35,14.06,14.06,57691600,26465.865,2023-04-27
2022-11-15,14.29,14.58,14.2,14.3,61835700,26465.865,2023-04-27
2022-11-16,14.1,14.17,13.84,13.9,47484200,26465.865,2023-04-27
2022-11-17,13.66,13.91,13.55,13.91,54317900,26465.865,2023-04-27
2022-11-18,14.08,14.13,13.82,13.99,37101900,26465.865,2023-04-27
2022-11-21,13.86,14.04,13.66,13.95,34087100,26465.865,2023-04-27
2022-11-22,14.05,14.15,13.98,14.07,28738800,26465.865,2023-04-27
2022-11-23,14.0,14.06,13.85,14.03,25974200,26465.865,2023-04-27
2022-11-25,13.96,14.11,13.9,14.08,12980900,26465.865,2023-04-27
2022-11-28,13.94,13.96,13.7,13.73,35249700,26465.865,2023-04-27
2022-11-29,13.85,13.9,13.71,13.75,28380800,26465.865,2023-04-27
2022-11-30,13.78,13.95,13.45,13.9,61537300,26465.865,2023-04-27
2022-12-01,14.09,14.36,14.0,14.08,45335100,26465.865,2023-04-27
2022-12-02,13.84,13.97,13.75,13.86,42417400,26465.865,2023-04-27
2022-12-05,13.75,13.77,13.37,13.38,39714500,26465.865,2023-04-27
2022-12-06,13.42,13.57,13.06,13.28,39996000,26465.865,2023-04-27
2022-12-07,13.2,13.42,13.09,13.1,36609800,26465.865,2023-04-27
2022-12-08,13.2,13.26,13.07,13.12,32376300,26465.865,2023-04-27
2022-12-09,13.04,13.36,13.04,13.18,41553600,26465.865,2023-04-27
2022-12-12,13.2,13.47,13.1,13.46,35473800,26465.865,2023-04-27
2022-12-13,13.78,13.92,13.37,13.57,57872100,26465.865,2023-04-27
2022-12-14,13.57,13.78,13.36,13.48,51199900,26465.865,2023-04-27
2022-12-15,13.23,13.26,12.95,13.03,55725300,26465.865,2023-04-27
2022-12-16,12.77,12.82,12.08,12.12,118345700,26465.865,2023-04-27
2022-12-19,12.12,12.17,11.54,11.69,88062500,26465.865,2023-04-27
2022-12-20,11.65,11.68,11.12,11.47,82057900,26465.865,2023-04-27
2022-12-21,11.61,11.79,11.55,11.78,49256000,26465.865,2023-04-27
2022-12-22,11.54,11.54,11.1,11.31,75158700,26465.865,2023-04-27
2022-12-23,11.27,11.4,11.22,11.36,38200700,26465.865,2023-04-27
2022-12-27,11.28,11.39,11.13,11.2,44837400,26465.865,2023-04-27
2022-12-28,11.18,11.25,10.9,10.95,49375400,26465.865,2023-04-27
2022-12-29,11.08,11.55,11.05,11.54,53550300,26465.865,2023-04-27
2022-12-30,11.4,11.64,11.39,11.63,39232200,26465.865,2023-04-27
2023-01-03,11.82,11.92,11.57,11.68,45809000,26465.865,2023-04-27
2023-01-04,11.88,12.08,11.74,12.01,53429700,26465.865,2023-04-27
2023-01-05,12.11,12.38,11.88,12.25,50785600,26465.865,2023-04-27
2023-01-06,12.12,12.59,12.1,12.58,53089100,26465.865,2023-04-27
2023-01-09,12.74,12.93,12.55,12.69,50865500,26465.865,2023-04-27
2023-01-10,12.68,12.87,12.5,12.84,47065500,26465.865,2023-04-27
2023-01-11,12.93,13.26,12.89,13.22,51911600,26465.865,2023-04-27
2023-01-12,13.27,13.53,13.11,13.43,58113700,26465.865,2023-04-27
2023-01-13,12.63,12.82,12.47,12.72,96444000,26465.865,2023-04-27
2023-01-17,12.71,12.85,12.43,12.67,60774900,26465.865,2023-04-27
2023-01-18,12.79,12.85,12.4,12.41,48774400,26465.865,2023-04-27
2023-01-19,12.29,12.36,12.04,12.18,52918500,26465.865,2023-04-27
2023-01-20,12.21,12.42,12.08,12.4,44349200,26465.865,2023-04-27
2023-01-23,12.48,12.91,12.43,12.8,49688000,26465.865,2023-04-27
2023-01-24,12.68,12.9,12.62,12.74,41537400,26465.865,2023-04-27
2023-01-25,12.6,12.85,12.49,12.79,37739000,26465.865,2023-04-27
2023-01-26,12.99,13.07,12.71,12.92,48970900,26465.865,2023-04-27
2023-01-27,12.88,13.37,12.87,13.27,62114600,26465.865,2023-04-27
2023-01-30,13.01,13.2,12.86,12.89,64512600,26465.865,2023-04-27
2023-01-31,13.39,13.57,13.25,13.51,83093300,26465.865,2023-04-27
2023-02-01,13.52,13.99,13.49,13.79,70641000,26465.865,2023-04-27
2023-02-02,14.17,14.6,14.03,14.32,102579800,26465.865,2023-04-27
2023-02-03,13.05,13.61,12.78,13.23,165500200,26465.865,2023-04-27
2023-02-06,13.16,13.21,12.78,13.14,77262800,26465.865,2023-04-27
2023-02-07,13.08,13.51,12.98,13.45,70671100,26465.865,2023-04-27
2023-02-08,13.3,13.69,13.3,13.42,62028400,26465.865,2023-04-27
2023-02-09,13.66,13.93,13.4,13.49,78667100,26465.865,2023-04-27
2023-02-10,12.84,12.9,12.51,12.73,68205200,26465.865,2023-04-27
2023-02-13,12.71,13.1,12.7,13.09,64201900,26465.865,2023-04-27
2023-02-14,12.99,13.19,12.82,12.97,75352900,26465.865,2023-04-27
2023-02-15,12.75,12.94,12.6,12.93,65850000,26465.865,2023-04-27
2023-02-16,12.73,13.14,12.51,12.91,64145500,26465.865,2023-04-27
2023-02-17,12.82,12.94,12.65,12.89,54401000,26465.865,2023-04-27
2023-02-21,12.72,12.81,12.17,12.2,77724200,26465.865,2023-04-27
2023-02-22,12.24,12.31,12.14,12.21,52844700,26465.865,2023-04-27
2023-02-23,12.32,12.36,11.88,12.07,57952800,26465.865,2023-04-27
2023-02-24,11.82,11.98,11.75,11.88,50631600,26465.865,2023-04-27
2023-02-27,11.98,12.42,11.96,12.06,60378100,26465.865,2023-04-27
2023-02-28,12.07,12.18,12.01,12.07,59796800,26465.865,2023-04-27
2023-03-01,12.35,12.54,12.17,12.32,85328800,26465.865,2023-04-27
2023-03-02,12.38,12.55,12.23,12.55,78214100,26465.865,2023-04-27
2023-03-03,12.72,13.11,12.65,13.08,80080200,26465.865,2023-04-27
2023-03-06,13.08,13.18,12.93,12.98,50571200,26465.865,2023-04-27
2023-03-07,12.94,12.98,12.78,12.83,46540400,26465.865,2023-04-27
2023-03-08,12.78,13.01,12.71,12.98,46421000,26465.865,2023-04-27
2023-03-09,13.02,13.08,12.44,12.45,65423500,26465.865,2023-04-27
2023-03-10,12.43,12.51,12.0,12.1,73897400,26465.865,2023-04-27
2023-03-13,11.93,12.31,11.32,12.03,119167600,26465.865,2023-04-27
2023-03-14,12.21,12.31,11.77,11.93,93844200,26465.865,2023-04-27
2023-03-15,11.5,11.73,11.32,11.71,108909300,26465.865,2023-04-27
2023-03-16,11.53,11.89,11.42,11.82,74017200,26465.865,2023-04-27
2023-03-17,11.7,11.73,11.12,11.3,249885100,26465.865,2023-04-27
2023-03-20,11.33,11.48,11.15,11.18,74975100,26465.865,2023-04-27
2023-03-21,11.4,11.78,11.38,11.72,74794900,26465.865,2023-04-27
2023-03-22,11.76,11.94,11.47,11.48,69729100,26465.865,2023-04-27
2023-03-23,11.65,11.78,11.27,11.42,74225300,26465.865,2023-04-27
2023-03-24,11.32,11.51,11.18,11.51,72425300,26465.865,2023-04-27
2023-03-27,11.63,11.7,11.41,11.52,55941100,26465.865,2023-04-27
2023-03-28,11.55,11.65,11.46,11.6,41385900,26465.865,2023-04-27
2023-03-29,11.78,12.06,11.71,12.05,48655400,26465.865,2023-04-27
2023-03-30,12.28,12.39,12.2,12.29,57751300,26465.865,2023-04-27
2023-03-31,12.41,12.63,12.39,12.6,66868200,26465.865,2023-04-27
2023-04-03,12.53,12.73,12.48,12.68,55956300,26465.865,2023-04-27
2023-04-04,12.77,12.85,12.51,12.72,54655700,26465.865,2023-04-27
2023-04-05,12.58,12.65,12.22,12.43,53332900,26465.865,2023-04-27
2023-04-06,12.42,12.48,12.29,12.33,36355800,26465.865,2023-04-27
2023-04-10,12.2,12.72,12.16,12.72,61326200,26465.865,2023-04-27
2023-04-11,12.79,13.07,12.79,12.87,63633600,26465.865,2023-04-27
2023-04-12,13.06,13.08,12.65,12.67,53845500,26465.865,2023-04-27
2023-04-13,12.64,12.64,12.22,12.46,75485700,26465.865,2023-04-27
2023-04-14,12.45,12.66,12.42,12.52,43542000,26465.865,2023-04-27
2023-04-17,12.5,12.68,12.46,12.68,40191100,26465.865,2023-04-27
2023-04-18,12.7,12.76,12.62,12.73,38865900,26465.865,2023-04-27
2023-04-19,12.6,12.6,12.17,12.22,69451800,26465.865,2023-04-27
2023-04-20,11.81,11.93,11.55,11.87,79563100,26465.865,2023-04-27
2023-04-21,11.9,11.92,11.66,11.81,46926500,26465.865,2023-04-27
2023-04-24,11.89,12.18,11.88,12.16,57794700,26465.865,2023-04-27
2023-04-25,11.97,11.98,11.7,11.77,63114700,26465.865,2023-04-27
2023-04-26,11.8,11.86,11.51,11.54,58105300,26465.865,2023-04-27
2023-04-27,11.61,11.71,11.44,11.61,53280300,26465.865,2023-04-27
2023-04-28,11.59,11.94,11.57,11.88,54996800,26465.865,2023-04-27
2023-05-01,12.01,12.29,11.99,12.06,59834200,26465.865,2023-04-27
2023-05-02,12.05,12.09,11.66,11.8,91090400,26465.865,2023-04-27
2023-05-03,11.74,12.09,11.73,11.79,94050700,26465.865,2023-04-27
2023-05-04,11.8,11.83,11.47,11.56,79792900,26465.865,2023-04-27
2023-05-05,11.79,12.04,11.72,11.99,64138800,26465.865,2023-04-27
2023-05-08,12.02,12.06,11.85,12.02,49943800,26465.865,2023-04-27
2023-05-09,11.89,11.93,11.78,11.86,42878300,26465.865,2023-04-27
2023-05-10,12.02,12.04,11.73,11.89,49193100,26465.865,2023-04-27
2023-05-11,11.83,11.88,11.76,11.87,43030800,26465.865,2023-04-27
2023-05-12,11.93,11.94,11.65,11.67,45100700,26465.865,2023-04-27
2023-05-15,11.7,11.72,11.59,11.64,53197000,26465.865,2023-04-27
2023-05-16,11.55,11.58,11.24,11.25,60514900,26465.865,2023-04-27
2023-05-17,11.35,11.64,11.32,11.5,50077500,26465.865,2023-04-27
2023-05-18,11.46,11.66,11.45,11.64,38181400,26465.865,2023-04-27
2023-05-19,11.66,11.77,11.54,11.65,43450100,26465.865,2023-04-27
2023-05-22,11.71,11.73,11.37,11.63,57417200,26465.865,2023-04-27
2023-05-23,11.53,11.91,11.53,11.73,56843800,26465.865,2023-04-27
2023-05-24,11.64,11.65,11.25,11.33,71391000,26465.865,2023-04-27
2023-05-25,11.33,11.52,11.33,11.38,51328900,26465.865,2023-04-27
2023-05-26,11.59,12.29,11.54,12.09,123257500,26465.865,2023-04-27
2023-05-30,12.65,12.78,12.51,12.59,86226900,26465.865,2023-04-27
2023-05-31,12.48,12.49,11.96,12.0,86275300,26465.865,2023-04-27
2023-06-01,12.07,12.18,11.84,12.11,64407800,26465.865,2023-04-27
2023-06-02,12.26,12.51,12.14,12.39,65211200,26465.865,2023-04-27
2023-06-05,12.66,12.68,12.5,12.59,49890200,26465.865,2023-04-27
2023-06-06,12.55,12.93,12.51,12.93,57258400,26465.865,2023-04-27
2023-06-07,13.02,13.6,12.98,13.59,99342000,26465.865,2023-04-27
2023-06-08,13.53,13.74,13.46,13.58,64254700,26465.865,2023-04-27
2023-06-09,13.83,14.03,13.7,13.74,70296200,26465.865,2023-04-27
2023-06-12,13.8,13.88,13.65,13.78,44584700,26465.865,2023-04-27
2023-06-13,13.9,14.17,13.89,14.13,61781100,26465.865,2023-04-27
2023-06-14,14.25,14.45,13.97,14.2,69748500,26465.865,2023-04-27
2023-06-15,14.12,14.5,14.12,14.45,61463400,26465.865,2023-04-27
2023-06-16,14.52,14.61,14.32,14.42,75366700,26465.865,2023-04-27
2023-06-20,14.3,14.42,13.98,14.22,56645800,26465.865,2023-04-27
2023-06-21,14.24,14.28,13.94,14.02,49984300,26465.865,2023-04-27
2023-06-22,13.91,14.3,13.89,14.19,46827300,26465.865,2023-04-27
